NUMBER, DRIVER_NUMBER, LAP_NUMBER, LAP_TIME, LAP_IMPROVEMENT, CROSSING_FINISH_LINE_IN_PIT, S1, S1_IMPROVEMENT, S2, S2_IMPROVEMENT, S3, S3_IMPROVEMENT, KPH, ELAPSED, HOUR,S1_LARGE,S2_LARGE,S3_LARGE,TOP_SPEED,DRIVER_NAME,PIT_TIME,CLASS,GROUP,TEAM,MANUFACTURER,FLAG_AT_FL,
01,2,1,3:55.944,0,B,2:28.036,0,35.790,0,52.118,0,59.9,3:55.944,08:03:55.944,2:28.036,0:35.790,0:52.118,,Renger van der Zande,0:01:54.244,GTP,,Cadillac Racing,Cadillac,GF,
01,2,2,2:45.905,0,B,1:20.523,0,34.830,0,50.552,0,85.2,6:41.849,08:06:41.849,1:20.523,0:34.830,0:50.552,,Renger van der Zande,0:01:14.359,GTP,,Cadillac Racing,Cadillac,GF,
1,2,1,3:14.563,0,,2:08.733,0,35.298,0,30.532,0,72.6,3:14.563,08:03:14.563,2:08.733,0:35.298,0:30.532,,Madison Snow,0:01:35.424,GTD,,Paul Miller Racing,BMW,GF,
1,2,2,1:29.317,0,,31.298,0,31.210,0,26.809,1,158.2,4:43.880,08:04:43.880,0:31.298,0:31.210,0:26.809,,Madison Snow,,GTD,,Paul Miller Racing,BMW,GF,
1,2,3,1:46.614,0,B,30.128,1,30.035,1,46.451,0,132.5,6:30.494,08:06:30.494,0:30.128,0:30.035,0:46.451,,Madison Snow,,GTD,,Paul Miller Racing,BMW,GF,
1,1,4,2:41.455,0,B,1:19.236,0,33.255,0,48.964,0,87.5,9:11.949,08:09:11.949,1:19.236,0:33.255,0:48.964,,Bryan Sellers,0:01:19.067,GTD,,Paul Miller Racing,BMW,GF,
1,1,5,2:05.640,0,,1:09.489,0,29.374,0,26.777,0,112.5,11:17.589,08:11:17.589,1:09.489,0:29.374,0:26.777,,Bryan Sellers,0:01:11.964,GTD,,Paul Miller Racing,BMW,GF,
1,1,6,1:24.757,0,,29.156,0,29.120,0,26.481,0,166.7,12:42.346,08:12:42.346,0:29.156,0:29.120,0:26.481,,Bryan Sellers,,GTD,,Paul Miller Racing,BMW,GF,
1,1,7,1:28.683,0,,28.951,0,29.230,0,30.502,0,159.3,14:11.029,08:14:11.029,0:28.951,0:29.230,0:30.502,,Bryan Sellers,,GTD,,Paul Miller Racing,BMW,GF,
1,1,8,1:24.596,0,,29.120,0,29.110,0,26.366,2,167.0,15:35.625,08:15:35.625,0:29.120,0:29.110,0:26.366,,Bryan Sellers,,GTD,,Paul Miller Racing,BMW,GF,
1,1,9,1:24.290,2,,28.922,2,28.956,2,26.412,0,167.6,16:59.915,08:16:59.915,0:28.922,0:28.956,0:26.412,,Bryan Sellers,,GTD,,Paul Miller Racing,BMW,GF,
10,1,1,2:12.002,0,,50.330,0,44.786,1,36.886,2,107.0,2:12.002,08:02:12.002,0:50.330,0:44.786,0:36.886,,Ricky Taylor,0:00:13.359,GTP,,Konica Minolta Acura ARX-06,Acura,GF,
10,1,2,2:38.184,0,B,37.287,2,1:06.259,0,54.638,0,89.3,4:50.186,08:04:50.186,0:37.287,1:06.259,0:54.638,,Ricky Taylor,,GTP,,Konica Minolta Acura ARX-06,Acura,GF,
11,2,1,2:25.420,0,,1:23.106,0,34.558,0,27.756,0,97.2,2:25.420,08:02:25.420,1:23.106,0:34.558,0:27.756,,Mikkel Jensen,0:00:53.312,LMP2,,TDS Racing,ORECA,GF,
11,2,2,1:25.379,0,,29.526,0,30.090,0,25.763,0,165.5,3:50.799,08:03:50.799,0:29.526,0:30.090,0:25.763,,Mikkel Jensen,,LMP2,,TDS Racing,ORECA,GF,
11,2,3,1:22.285,0,,28.357,0,27.661,0,26.267,0,171.7,5:13.084,08:05:13.084,0:28.357,0:27.661,0:26.267,,Mikkel Jensen,,LMP2,,TDS Racing,ORECA,GF,
11,2,4,2:09.414,0,B,27.488,0,27.267,0,1:14.659,0,109.2,7:22.498,08:07:22.498,0:27.488,0:27.267,1:14.659,,Mikkel Jensen,,LMP2,,TDS Racing,ORECA,GF,
11,2,5,1:47.416,0,,51.732,0,29.367,0,26.317,0,131.6,9:09.914,08:09:09.914,0:51.732,0:29.367,0:26.317,,Mikkel Jensen,0:01:21.082,LMP2,,TDS Racing,ORECA,GF,
11,2,6,1:19.695,0,,27.965,0,27.117,0,24.613,0,177.3,10:29.609,08:10:29.609,0:27.965,0:27.117,0:24.613,,Mikkel Jensen,,LMP2,,TDS Racing,ORECA,GF,
11,2,7,1:19.126,0,,26.779,0,27.429,0,24.918,0,178.6,11:48.735,08:11:48.735,0:26.779,0:27.429,0:24.918,,Mikkel Jensen,,LMP2,,TDS Racing,ORECA,GF,
11,2,8,1:17.678,0,,26.555,0,26.627,0,24.496,0,181.9,13:06.413,08:13:06.413,0:26.555,0:26.627,0:24.496,,Mikkel Jensen,,LMP2,,TDS Racing,ORECA,GF,
11,2,9,1:17.285,2,,26.471,2,26.500,2,24.314,2,182.8,14:23.698,08:14:23.698,0:26.471,0:26.500,0:24.314,,Mikkel Jensen,,LMP2,,TDS Racing,ORECA,GF,
12,2,1,2:28.029,0,,1:08.830,0,44.704,0,34.495,0,95.5,2:28.029,08:02:28.029,1:08.830,0:44.704,0:34.495,,Aaron Telitz,0:00:29.287,GTD,,Vasser Sullivan,Lexus,GF,
12,2,2,1:34.940,0,,32.442,0,32.549,0,29.949,0,148.8,4:02.969,08:04:02.969,0:32.442,0:32.549,0:29.949,,Aaron Telitz,,GTD,,Vasser Sullivan,Lexus,GF,
12,2,3,1:30.851,0,,30.716,0,31.547,0,28.588,0,155.5,5:33.820,08:05:33.820,0:30.716,0:31.547,0:28.588,,Aaron Telitz,,GTD,,Vasser Sullivan,Lexus,GF,
12,2,4,1:27.231,0,,30.418,0,30.009,0,26.804,0,162.0,7:01.051,08:07:01.051,0:30.418,0:30.009,0:26.804,,Aaron Telitz,,GTD,,Vasser Sullivan,Lexus,GF,
12,2,5,1:26.017,0,,29.611,1,29.770,0,26.636,1,164.3,8:27.068,08:08:27.068,0:29.611,0:29.770,0:26.636,,Aaron Telitz,,GTD,,Vasser Sullivan,Lexus,GF,
12,2,6,1:46.225,0,B,31.291,0,29.139,1,45.795,0,133.0,10:13.293,08:10:13.293,0:31.291,0:29.139,0:45.795,,Aaron Telitz,,GTD,,Vasser Sullivan,Lexus,GF,
12,1,7,2:27.357,0,,1:31.253,0,29.349,0,26.755,0,95.9,12:40.650,08:12:40.650,1:31.253,0:29.349,0:26.755,,Frankie Montecalvo,0:01:31.520,GTD,,Vasser Sullivan,Lexus,GF,
12,1,8,1:25.219,0,,29.316,0,29.185,0,26.718,0,165.8,14:05.869,08:14:05.869,0:29.316,0:29.185,0:26.718,,Frankie Montecalvo,,GTD,,Vasser Sullivan,Lexus,GF,
12,1,9,1:24.838,2,,29.132,2,29.114,2,26.592,2,166.6,15:30.707,08:15:30.707,0:29.132,0:29.114,0:26.592,,Frankie Montecalvo,,GTD,,Vasser Sullivan,Lexus,GF,
12,1,10,1:25.920,0,,29.588,0,29.312,0,27.020,0,164.5,16:56.627,08:16:56.627,0:29.588,0:29.312,0:27.020,,Frankie Montecalvo,,GTD,,Vasser Sullivan,Lexus,GF,
12,1,11,1:50.595,0,B,34.003,0,29.492,0,47.100,0,127.8,18:47.222,08:18:47.222,0:34.003,0:29.492,0:47.100,,Frankie Montecalvo,,GTD,,Vasser Sullivan,Lexus,GF,
14,1,1,2:46.484,0,B,1:07.884,0,45.197,0,53.403,0,84.9,2:46.484,08:02:46.484,1:07.884,0:45.197,0:53.403,,Jack Hawksworth,0:00:28.155,GTDPRO,,Vasser Sullivan,Lexus,GF,
14,2,2,3:03.320,0,B,1:26.581,0,42.521,0,54.218,0,77.1,5:49.804,08:05:49.804,1:26.581,0:42.521,0:54.218,,Ben Barnicoat,0:01:17.787,GTDPRO,,Vasser Sullivan,Lexus,GF,
14,1,3,2:15.840,0,,1:16.500,0,31.937,0,27.403,1,104.0,8:05.644,08:08:05.644,1:16.500,0:31.937,0:27.403,,Jack Hawksworth,0:01:13.656,GTDPRO,,Vasser Sullivan,Lexus,GF,
14,1,4,1:37.128,0,,37.623,0,31.157,0,28.348,0,145.5,9:42.772,08:09:42.772,0:37.623,0:31.157,0:28.348,,Jack Hawksworth,,GTDPRO,,Vasser Sullivan,Lexus,GF,
14,1,5,1:44.340,0,B,29.415,2,29.171,2,45.754,0,135.4,11:27.112,08:11:27.112,0:29.415,0:29.171,0:45.754,,Jack Hawksworth,,GTDPRO,,Vasser Sullivan,Lexus,GF,
14,2,6,2:15.432,0,,1:18.287,0,30.059,0,27.086,2,104.3,13:42.544,08:13:42.544,1:18.287,0:30.059,0:27.086,,Ben Barnicoat,0:01:16.554,GTDPRO,,Vasser Sullivan,Lexus,GF,
14,2,7,1:28.330,2,,30.657,0,29.935,0,27.738,0,160.0,15:10.874,08:15:10.874,0:30.657,0:29.935,0:27.738,,Ben Barnicoat,,GTDPRO,,Vasser Sullivan,Lexus,GF,
14,2,8,1:46.916,0,B,29.808,1,29.921,1,47.187,0,132.2,16:57.790,08:16:57.790,0:29.808,0:29.921,0:47.187,,Ben Barnicoat,,GTDPRO,,Vasser Sullivan,Lexus,GF,
15,2,1,3:58.735,0,B,1:51.049,0,40.987,0,1:26.699,0,59.2,3:58.735,08:03:58.735,1:51.049,0:40.987,1:26.699,,Scott Andrews,0:01:14.835,GTD,B,"Lone Star Racing, LLC",Mercedes-AMG,GF,
15,2,2,3:05.659,0,B,58.111,0,39.155,0,1:28.393,0,76.1,7:04.394,08:07:04.394,0:58.111,0:39.155,1:28.393,,Scott Andrews,0:01:26.057,GTD,B,"Lone Star Racing, LLC",Mercedes-AMG,GF,
15,2,3,1:54.771,0,,53.380,0,33.879,0,27.512,0,123.1,8:59.165,08:08:59.165,0:53.380,0:33.879,0:27.512,,Scott Andrews,0:01:27.696,GTD,B,"Lone Star Racing, LLC",Mercedes-AMG,GF,
15,2,4,1:26.218,0,,29.732,0,29.665,0,26.821,0,163.9,10:25.383,08:10:25.383,0:29.732,0:29.665,0:26.821,,Scott Andrews,,GTD,B,"Lone Star Racing, LLC",Mercedes-AMG,GF,
15,2,5,1:25.396,0,,29.211,0,29.226,0,26.959,0,165.5,11:50.779,08:11:50.779,0:29.211,0:29.226,0:26.959,,Scott Andrews,,GTD,B,"Lone Star Racing, LLC",Mercedes-AMG,GF,
15,2,6,1:24.527,2,,29.016,0,29.050,0,26.461,2,167.2,13:15.306,08:13:15.306,0:29.016,0:29.050,0:26.461,,Scott Andrews,,GTD,B,"Lone Star Racing, LLC",Mercedes-AMG,GF,
15,2,7,1:24.755,0,,28.984,2,28.971,0,26.800,0,166.7,14:40.061,08:14:40.061,0:28.984,0:28.971,0:26.800,,Scott Andrews,,GTD,B,"Lone Star Racing, LLC",Mercedes-AMG,GF,
17,1,1,4:17.077,0,B,1:56.700,0,38.717,0,1:41.660,0,55.0,4:17.077,08:04:17.077,1:56.700,0:38.717,1:41.660,,Anthony Mantella,0:01:21.954,LMP3,,AWA,Duqueine,GF,
17,1,2,2:04.438,0,,56.810,0,36.500,0,31.128,0,113.6,6:21.515,08:06:21.515,0:56.810,0:36.500,0:31.128,,Anthony Mantella,0:01:41.925,LMP3,,AWA,Duqueine,GF,
17,1,3,1:31.440,0,,32.729,0,31.662,0,27.049,0,154.5,7:52.955,08:07:52.955,0:32.729,0:31.662,0:27.049,,Anthony Mantella,,LMP3,,AWA,Duqueine,GF,
17,1,4,1:25.827,2,,29.506,0,30.044,1,26.277,1,164.6,9:18.782,08:09:18.782,0:29.506,0:30.044,0:26.277,,Anthony Mantella,,LMP3,,AWA,Duqueine,GF,
17,1,5,4:33.958,0,B,28.690,1,30.599,0,3:34.669,0,51.6,13:52.740,08:13:52.740,0:28.690,0:30.599,3:34.669,,Anthony Mantella,,LMP3,,AWA,Duqueine,GF,
17,2,6,1:50.543,0,,52.213,0,30.956,0,27.374,0,127.8,15:43.283,08:15:43.283,0:52.213,0:30.956,0:27.374,,Wayne Boyd,0:03:38.777,LMP3,,AWA,Duqueine,GF,
17,2,7,1:26.044,0,,31.117,0,29.147,0,25.780,2,164.2,17:09.327,08:17:09.327,0:31.117,0:29.147,0:25.780,,Wayne Boyd,,LMP3,,AWA,Duqueine,GF,
18,2,1,2:39.394,0,,1:33.147,0,35.920,0,30.327,0,88.7,2:39.394,08:02:39.394,1:33.147,0:35.920,0:30.327,,Ryan Dalziel,0:00:59.919,LMP2,,Era Motorsport,ORECA,GF,
18,2,2,2:20.265,0,B,31.370,0,32.495,0,1:16.400,0,100.7,4:59.659,08:04:59.659,0:31.370,0:32.495,1:16.400,,Ryan Dalziel,,LMP2,,Era Motorsport,ORECA,GF,
18,2,3,2:38.058,0,B,53.034,0,31.296,0,1:13.728,0,89.4,7:37.717,08:07:37.717,0:53.034,0:31.296,1:13.728,,Ryan Dalziel,0:01:20.009,LMP2,,Era Motorsport,ORECA,GF,
18,2,4,1:50.757,0,,52.342,0,31.046,0,27.369,0,127.6,9:28.474,08:09:28.474,0:52.342,0:31.046,0:27.369,,Ryan Dalziel,0:01:17.715,LMP2,,Era Motorsport,ORECA,GF,
18,2,5,1:24.926,0,,30.334,0,29.349,0,25.243,0,166.4,10:53.400,08:10:53.400,0:30.334,0:29.349,0:25.243,,Ryan Dalziel,,LMP2,,Era Motorsport,ORECA,GF,
18,2,6,1:20.185,0,,27.463,0,27.547,0,25.175,0,176.2,12:13.585,08:12:13.585,0:27.463,0:27.547,0:25.175,,Ryan Dalziel,,LMP2,,Era Motorsport,ORECA,GF,
18,2,7,1:18.749,0,,27.003,0,26.994,0,24.752,0,179.4,13:32.334,08:13:32.334,0:27.003,0:26.994,0:24.752,,Ryan Dalziel,,LMP2,,Era Motorsport,ORECA,GF,
18,2,8,1:20.396,0,,27.562,0,27.337,0,25.497,0,175.8,14:52.730,08:14:52.730,0:27.562,0:27.337,0:25.497,,Ryan Dalziel,,LMP2,,Era Motorsport,ORECA,GF,
18,2,9,1:18.071,2,,26.547,2,27.044,0,24.480,0,181.0,16:10.801,08:16:10.801,0:26.547,0:27.044,0:24.480,,Ryan Dalziel,,LMP2,,Era Motorsport,ORECA,GF,
18,2,10,1:18.233,0,,26.735,0,27.042,0,24.456,2,180.6,17:29.034,08:17:29.034,0:26.735,0:27.042,0:24.456,,Ryan Dalziel,,LMP2,,Era Motorsport,ORECA,GF,
18,2,11,1:19.987,0,,27.302,0,27.581,0,25.104,0,176.7,18:49.021,08:18:49.021,0:27.302,0:27.581,0:25.104,,Ryan Dalziel,,LMP2,,Era Motorsport,ORECA,GF,
18,2,12,1:19.438,0,,27.945,0,26.976,2,24.517,0,177.9,20:08.459,08:20:08.459,0:27.945,0:26.976,0:24.517,,Ryan Dalziel,,LMP2,,Era Motorsport,ORECA,FF,
20,2,1,1:44.121,0,,42.906,0,32.832,0,28.383,0,135.7,1:44.121,08:01:44.121,0:42.906,0:32.832,0:28.383,,Ed Jones,0:00:11.905,LMP2,,High Class Racing,ORECA,GF,
20,2,2,1:26.338,0,,30.036,0,29.551,0,26.751,0,163.7,3:10.459,08:03:10.459,0:30.036,0:29.551,0:26.751,,Ed Jones,,LMP2,,High Class Racing,ORECA,GF,
20,2,3,1:20.449,0,,27.718,0,27.594,0,25.137,0,175.6,4:30.908,08:04:30.908,0:27.718,0:27.594,0:25.137,,Ed Jones,,LMP2,,High Class Racing,ORECA,GF,
20,2,4,1:20.965,0,,27.621,0,28.126,0,25.218,0,174.5,5:51.873,08:05:51.873,0:27.621,0:28.126,0:25.218,,Ed Jones,,LMP2,,High Class Racing,ORECA,GF,
20,2,5,1:28.140,0,,35.370,0,27.687,0,25.083,2,160.3,7:20.013,08:07:20.013,0:35.370,0:27.687,0:25.083,,Ed Jones,,LMP2,,High Class Racing,ORECA,GF,
20,2,6,1:19.930,2,,26.813,0,26.946,0,26.171,0,176.8,8:39.943,08:08:39.943,0:26.813,0:26.946,0:26.171,,Ed Jones,,LMP2,,High Class Racing,ORECA,GF,
20,2,7,1:21.497,0,,27.165,0,27.335,0,26.997,0,173.4,10:01.440,08:10:01.440,0:27.165,0:27.335,0:26.997,,Ed Jones,,LMP2,,High Class Racing,ORECA,GF,
20,2,8,2:48.901,0,B,26.705,2,26.646,2,1:55.550,0,83.7,12:50.341,08:12:50.341,0:26.705,0:26.646,1:55.550,,Ed Jones,,LMP2,,High Class Racing,ORECA,GF,
20,1,9,1:45.180,0,,50.526,0,29.105,0,25.549,0,134.3,14:35.521,08:14:35.521,0:50.526,0:29.105,0:25.549,,Dennis Andersen,0:02:02.039,LMP2,,High Class Racing,ORECA,GF,
20,1,10,1:23.918,0,,28.599,0,28.770,0,26.549,0,168.4,15:59.439,08:15:59.439,0:28.599,0:28.770,0:26.549,,Dennis Andersen,,LMP2,,High Class Racing,ORECA,GF,
20,1,11,1:28.524,0,,34.653,0,28.385,1,25.486,1,159.6,17:27.963,08:17:27.963,0:34.653,0:28.385,0:25.486,,Dennis Andersen,,LMP2,,High Class Racing,ORECA,GF,
20,1,12,1:23.111,0,,28.121,0,28.960,0,26.030,0,170.0,18:51.074,08:18:51.074,0:28.121,0:28.960,0:26.030,,Dennis Andersen,,LMP2,,High Class Racing,ORECA,GF,
20,1,13,1:22.123,0,,28.015,1,28.500,0,25.608,0,172.1,20:13.197,08:20:13.197,0:28.015,0:28.500,0:25.608,,Dennis Andersen,,LMP2,,High Class Racing,ORECA,FF,
23,2,1,2:52.627,0,B,1:17.576,0,41.559,1,53.492,0,81.9,2:52.627,08:02:52.627,1:17.576,0:41.559,0:53.492,,Alex Riberas,0:00:40.644,GTDPRO,,Heart of Racing Team,Aston Martin,GF,
23,1,2,3:06.952,0,,2:06.346,0,32.293,0,28.313,0,75.6,5:59.579,08:05:59.579,2:06.346,0:32.293,0:28.313,,Ross Gunn,0:02:05.145,GTDPRO,,Heart of Racing Team,Aston Martin,GF,
23,1,3,1:26.289,0,,29.831,0,29.711,0,26.747,0,163.8,7:25.868,08:07:25.868,0:29.831,0:29.711,0:26.747,,Ross Gunn,,GTDPRO,,Heart of Racing Team,Aston Martin,GF,
23,1,4,1:25.881,0,,29.822,0,29.266,0,26.793,0,164.5,8:51.749,08:08:51.749,0:29.822,0:29.266,0:26.793,,Ross Gunn,,GTDPRO,,Heart of Racing Team,Aston Martin,GF,
23,1,5,1:25.043,0,,29.101,0,29.144,0,26.798,0,166.2,10:16.792,08:10:16.792,0:29.101,0:29.144,0:26.798,,Ross Gunn,,GTDPRO,,Heart of Racing Team,Aston Martin,GF,
23,1,6,1:26.598,0,,30.257,0,29.709,0,26.632,0,163.2,11:43.390,08:11:43.390,0:30.257,0:29.709,0:26.632,,Ross Gunn,,GTDPRO,,Heart of Racing Team,Aston Martin,GF,
23,1,7,1:24.823,0,,29.064,0,29.020,0,26.739,0,166.6,13:08.213,08:13:08.213,0:29.064,0:29.020,0:26.739,,Ross Gunn,,GTDPRO,,Heart of Racing Team,Aston Martin,GF,
23,1,8,1:24.488,2,,28.991,2,28.969,0,26.528,2,167.3,14:32.701,08:14:32.701,0:28.991,0:28.969,0:26.528,,Ross Gunn,,GTDPRO,,Heart of Racing Team,Aston Martin,GF,
23,1,9,1:26.846,0,,29.200,0,29.193,0,28.453,0,162.7,15:59.547,08:15:59.547,0:29.200,0:29.193,0:28.453,,Ross Gunn,,GTDPRO,,Heart of Racing Team,Aston Martin,GF,
23,1,10,1:24.775,0,,29.217,0,28.930,2,26.628,0,166.7,17:24.322,08:17:24.322,0:29.217,0:28.930,0:26.628,,Ross Gunn,,GTDPRO,,Heart of Racing Team,Aston Martin,GF,
23,1,11,1:26.882,0,,30.089,0,29.228,0,27.565,0,162.6,18:51.204,08:18:51.204,0:30.089,0:29.228,0:27.565,,Ross Gunn,,GTDPRO,,Heart of Racing Team,Aston Martin,GF,
23,1,12,1:24.931,0,,29.215,0,29.148,0,26.568,0,166.4,20:16.135,08:20:16.135,0:29.215,0:29.148,0:26.568,,Ross Gunn,,GTDPRO,,Heart of Racing Team,Aston Martin,FF,
24,1,1,2:49.523,0,B,1:12.834,0,41.682,0,55.007,0,83.4,2:49.523,08:02:49.523,1:12.834,0:41.682,0:55.007,,Philipp Eng,0:00:32.980,GTP,,BMW M Team RLL,BMW,GF,
24,1,2,2:29.963,0,,1:21.029,0,36.625,0,32.309,0,94.2,5:19.486,08:05:19.486,1:21.029,0:36.625,0:32.309,,Philipp Eng,0:01:13.526,GTP,,BMW M Team RLL,BMW,GF,
24,1,3,1:31.630,0,,31.824,0,31.530,0,28.276,0,154.2,6:51.116,08:06:51.116,0:31.824,0:31.530,0:28.276,,Philipp Eng,,GTP,,BMW M Team RLL,BMW,GF,
24,1,4,1:26.833,0,,31.230,0,29.717,0,25.886,0,162.7,8:17.949,08:08:17.949,0:31.230,0:29.717,0:25.886,,Philipp Eng,,GTP,,BMW M Team RLL,BMW,GF,
24,1,5,1:23.214,0,,28.567,0,28.266,0,26.381,0,169.8,9:41.163,08:09:41.163,0:28.567,0:28.266,0:26.381,,Philipp Eng,,GTP,,BMW M Team RLL,BMW,GF,
24,1,6,1:19.067,0,,27.278,1,27.331,0,24.458,1,178.7,11:00.230,08:11:00.230,0:27.278,0:27.331,0:24.458,,Philipp Eng,,GTP,,BMW M Team RLL,BMW,GF,
24,1,7,1:40.456,0,B,27.345,0,27.009,1,46.102,0,140.7,12:40.686,08:12:40.686,0:27.345,0:27.009,0:46.102,,Philipp Eng,,GTP,,BMW M Team RLL,BMW,GF,
24,2,8,2:06.923,0,,1:12.415,0,29.851,0,24.657,0,111.3,14:47.609,08:14:47.609,1:12.415,0:29.851,0:24.657,,Augusto Farfus,0:01:13.548,GTP,,BMW M Team RLL,BMW,GF,
24,2,9,1:18.584,0,,27.176,0,26.970,0,24.438,0,179.8,16:06.193,08:16:06.193,0:27.176,0:26.970,0:24.438,,Augusto Farfus,,GTP,,BMW M Team RLL,BMW,GF,
24,2,10,1:17.575,0,,26.747,0,26.646,0,24.182,0,182.2,17:23.768,08:17:23.768,0:26.747,0:26.646,0:24.182,,Augusto Farfus,,GTP,,BMW M Team RLL,BMW,GF,
24,2,11,1:17.792,0,,27.102,0,26.428,0,24.262,0,181.6,18:41.560,08:18:41.560,0:27.102,0:26.428,0:24.262,,Augusto Farfus,,GTP,,BMW M Team RLL,BMW,GF,
24,2,12,1:16.389,0,,26.387,0,26.288,2,23.714,0,185.0,19:57.949,08:19:57.949,0:26.387,0:26.288,0:23.714,,Augusto Farfus,,GTP,,BMW M Team RLL,BMW,GF,
24,2,13,1:16.009,3,,26.088,3,26.291,0,23.630,3,185.9,21:13.958,08:21:13.958,0:26.088,0:26.291,0:23.630,,Augusto Farfus,,GTP,,BMW M Team RLL,BMW,FF,
25,1,1,2:25.295,0,,1:10.189,0,41.114,0,33.992,1,97.3,2:25.295,08:02:25.295,1:10.189,0:41.114,0:33.992,,Connor De Phillippi,0:00:31.054,GTP,,BMW M Team RLL,BMW,GF,
25,1,2,1:57.025,0,B,34.097,1,33.271,1,49.657,0,120.7,4:22.320,08:04:22.320,0:34.097,0:33.271,0:49.657,,Connor De Phillippi,,GTP,,BMW M Team RLL,BMW,GF,
25,2,3,2:51.854,0,,1:37.738,0,40.119,0,33.997,0,82.2,7:14.174,08:07:14.174,1:37.738,0:40.119,0:33.997,,Nick Yelloly,0:01:30.688,GTP,,BMW M Team RLL,BMW,GF,
25,2,4,1:35.700,0,,33.937,0,32.647,0,29.116,0,147.7,8:49.874,08:08:49.874,0:33.937,0:32.647,0:29.116,,Nick Yelloly,,GTP,,BMW M Team RLL,BMW,GF,
25,2,5,1:25.385,0,,30.250,0,29.134,0,26.001,0,165.5,10:15.259,08:10:15.259,0:30.250,0:29.134,0:26.001,,Nick Yelloly,,GTP,,BMW M Team RLL,BMW,GF,
25,2,6,1:21.010,0,,27.989,0,28.212,0,24.809,0,174.4,11:36.269,08:11:36.269,0:27.989,0:28.212,0:24.809,,Nick Yelloly,,GTP,,BMW M Team RLL,BMW,GF,
25,2,7,1:18.592,0,,27.112,0,26.921,0,24.559,0,179.8,12:54.861,08:12:54.861,0:27.112,0:26.921,0:24.559,,Nick Yelloly,,GTP,,BMW M Team RLL,BMW,GF,
25,2,8,1:17.211,0,,26.531,0,26.653,0,24.027,0,183.0,14:12.072,08:14:12.072,0:26.531,0:26.653,0:24.027,,Nick Yelloly,,GTP,,BMW M Team RLL,BMW,GF,
25,2,9,1:19.830,0,,28.353,0,27.022,0,24.455,0,177.0,15:31.902,08:15:31.902,0:28.353,0:27.022,0:24.455,,Nick Yelloly,,GTP,,BMW M Team RLL,BMW,GF,
25,2,10,1:19.217,0,,27.281,0,27.582,0,24.354,0,178.4,16:51.119,08:16:51.119,0:27.281,0:27.582,0:24.354,,Nick Yelloly,,GTP,,BMW M Team RLL,BMW,GF,
25,2,11,1:17.402,0,,27.070,0,26.388,0,23.944,0,182.6,18:08.521,08:18:08.521,0:27.070,0:26.388,0:23.944,,Nick Yelloly,,GTP,,BMW M Team RLL,BMW,GF,
25,2,12,1:16.501,0,,26.348,0,26.355,0,23.798,2,184.7,19:25.022,08:19:25.022,0:26.348,0:26.355,0:23.798,,Nick Yelloly,,GTP,,BMW M Team RLL,BMW,GF,
25,2,13,1:16.292,2,,26.223,2,26.244,2,23.825,0,185.2,20:41.314,08:20:41.314,0:26.223,0:26.244,0:23.825,,Nick Yelloly,,GTP,,BMW M Team RLL,BMW,FF,
27,1,1,2:55.221,0,B,1:18.188,0,41.680,1,55.353,0,80.6,2:55.221,08:02:55.221,1:18.188,0:41.680,0:55.353,,Roman De Angelis,0:00:43.417,GTD,,Heart of Racing Team,Aston Martin,GF,
27,2,2,2:37.254,0,,1:34.898,0,33.279,0,29.077,0,89.9,5:32.475,08:05:32.475,1:34.898,0:33.279,0:29.077,,Marco Sorensen,0:01:33.004,GTD,,Heart of Racing Team,Aston Martin,GF,
27,2,3,1:28.022,0,,30.886,0,30.443,0,26.693,0,160.5,7:00.497,08:07:00.497,0:30.886,0:30.443,0:26.693,,Marco Sorensen,,GTD,,Heart of Racing Team,Aston Martin,GF,
27,2,4,1:26.007,0,,29.220,0,29.985,0,26.802,0,164.3,8:26.504,08:08:26.504,0:29.220,0:29.985,0:26.802,,Marco Sorensen,,GTD,,Heart of Racing Team,Aston Martin,GF,
27,2,5,1:24.458,0,,29.009,0,28.992,0,26.457,0,167.3,9:50.962,08:09:50.962,0:29.009,0:28.992,0:26.457,,Marco Sorensen,,GTD,,Heart of Racing Team,Aston Martin,GF,
27,2,6,1:27.697,0,,28.929,0,29.538,0,29.230,0,161.1,11:18.659,08:11:18.659,0:28.929,0:29.538,0:29.230,,Marco Sorensen,,GTD,,Heart of Racing Team,Aston Martin,GF,
27,2,7,1:44.955,0,B,29.152,0,28.963,2,46.840,0,134.6,13:03.614,08:13:03.614,0:29.152,0:28.963,0:46.840,,Marco Sorensen,,GTD,,Heart of Racing Team,Aston Martin,GF,
27,2,8,4:18.488,0,,3:22.462,0,29.371,0,26.655,0,54.7,17:22.102,08:17:22.102,3:22.462,0:29.371,0:26.655,,Marco Sorensen,0:03:24.113,GTD,,Heart of Racing Team,Aston Martin,GF,
27,2,9,1:25.723,0,,29.745,0,29.162,0,26.816,0,164.8,18:47.825,08:18:47.825,0:29.745,0:29.162,0:26.816,,Marco Sorensen,,GTD,,Heart of Racing Team,Aston Martin,GF,
27,2,10,1:24.389,2,,28.920,2,29.096,0,26.373,2,167.4,20:12.214,08:20:12.214,0:28.920,0:29.096,0:26.373,,Marco Sorensen,,GTD,,Heart of Racing Team,Aston Martin,FF,
29,1,1,4:04.288,0,B,1:51.792,0,33.650,1,1:38.846,0,57.8,4:04.288,08:04:04.288,1:51.792,0:33.650,1:38.846,,Bijoy Garg,0:01:19.417,LMP3,,Jr III Racing,Ligier,GF,
29,2,2,1:59.257,0,,54.046,0,32.217,0,32.994,2,118.5,6:03.545,08:06:03.545,0:54.046,0:32.217,0:32.994,,Guilherme de Oliveira,0:01:41.107,LMP3,,Jr III Racing,Ligier,GF,
29,2,3,1:39.765,2,,34.684,0,31.794,0,33.287,0,141.6,7:43.310,08:07:43.310,0:34.684,0:31.794,0:33.287,,Guilherme de Oliveira,,LMP3,,Jr III Racing,Ligier,GF,
3,2,1,2:16.333,0,,1:11.348,0,35.211,0,29.774,1,103.6,2:16.333,08:02:16.333,1:11.348,0:35.211,0:29.774,,Jordan Taylor,0:00:34.557,GTDPRO,,Corvette Racing,Chevrolet,GF,
3,2,2,1:44.037,0,,33.348,0,35.360,0,35.329,0,135.8,4:00.370,08:04:00.370,0:33.348,0:35.360,0:35.329,,Jordan Taylor,,GTDPRO,,Corvette Racing,Chevrolet,GF,
3,2,3,1:53.147,0,B,32.246,1,31.745,1,49.156,0,124.9,5:53.517,08:05:53.517,0:32.246,0:31.745,0:49.156,,Jordan Taylor,,GTDPRO,,Corvette Racing,Chevrolet,GF,
3,1,4,2:18.609,0,,1:20.718,0,30.085,0,27.806,0,101.9,8:12.126,08:08:12.126,1:20.718,0:30.085,0:27.806,,Antonio Garcia,0:01:21.413,GTDPRO,,Corvette Racing,Chevrolet,GF,
3,1,5,1:34.023,0,,36.416,0,30.710,0,26.897,0,150.3,9:46.149,08:09:46.149,0:36.416,0:30.710,0:26.897,,Antonio Garcia,,GTDPRO,,Corvette Racing,Chevrolet,GF,
3,1,6,1:25.873,0,,29.416,0,29.855,0,26.602,2,164.6,11:12.022,08:11:12.022,0:29.416,0:29.855,0:26.602,,Antonio Garcia,,GTDPRO,,Corvette Racing,Chevrolet,GF,
3,1,7,1:24.942,0,,29.171,0,29.158,0,26.613,0,166.4,12:36.964,08:12:36.964,0:29.171,0:29.158,0:26.613,,Antonio Garcia,,GTDPRO,,Corvette Racing,Chevrolet,GF,
3,1,8,1:25.096,0,,29.129,0,29.267,0,26.700,0,166.1,14:02.060,08:14:02.060,0:29.129,0:29.267,0:26.700,,Antonio Garcia,,GTDPRO,,Corvette Racing,Chevrolet,GF,
3,1,9,1:24.647,2,,29.084,2,28.939,2,26.624,0,166.9,15:26.707,08:15:26.707,0:29.084,0:28.939,0:26.624,,Antonio Garcia,,GTDPRO,,Corvette Racing,Chevrolet,GF,
3,1,10,1:45.547,0,B,29.552,0,29.307,0,46.688,0,133.9,17:12.254,08:17:12.254,0:29.552,0:29.307,0:46.688,,Antonio Garcia,,GTDPRO,,Corvette Racing,Chevrolet,GF,
3,1,11,2:03.914,0,,1:06.972,0,30.164,0,26.778,0,114.0,19:16.168,08:19:16.168,1:06.972,0:30.164,0:26.778,,Antonio Garcia,0:01:07.433,GTDPRO,,Corvette Racing,Chevrolet,GF,
3,1,12,1:25.619,0,,29.137,0,29.080,0,27.402,0,165.0,20:41.787,08:20:41.787,0:29.137,0:29.080,0:27.402,,Antonio Garcia,,GTDPRO,,Corvette Racing,Chevrolet,FF,
31,1,1,2:36.904,0,B,1:03.617,0,39.788,1,53.499,0,90.1,2:36.904,08:02:36.904,1:03.617,0:39.788,0:53.499,,Pipo Derani,0:00:26.432,GTP,,Whelen Engineering Cadillac Racing,Cadillac,GF,
31,2,2,2:38.015,0,,1:27.293,0,37.833,0,32.889,0,89.4,5:14.919,08:05:14.919,1:27.293,0:37.833,0:32.889,,Alexander Sims,0:01:20.451,GTP,,Whelen Engineering Cadillac Racing,Cadillac,GF,
31,2,3,1:35.534,0,,33.275,0,33.029,0,29.230,0,147.9,6:50.453,08:06:50.453,0:33.275,0:33.029,0:29.230,,Alexander Sims,,GTP,,Whelen Engineering Cadillac Racing,Cadillac,GF,
31,2,4,1:26.791,0,,31.186,0,29.693,0,25.912,0,162.8,8:17.244,08:08:17.244,0:31.186,0:29.693,0:25.912,,Alexander Sims,,GTP,,Whelen Engineering Cadillac Racing,Cadillac,GF,
31,2,5,1:20.847,0,,28.244,0,28.018,0,24.585,0,174.8,9:38.091,08:09:38.091,0:28.244,0:28.018,0:24.585,,Alexander Sims,,GTP,,Whelen Engineering Cadillac Racing,Cadillac,GF,
31,2,6,1:18.399,0,,26.857,0,27.237,0,24.305,0,180.2,10:56.490,08:10:56.490,0:26.857,0:27.237,0:24.305,,Alexander Sims,,GTP,,Whelen Engineering Cadillac Racing,Cadillac,GF,
31,2,7,1:18.058,0,,26.580,0,27.230,0,24.248,0,181.0,12:14.548,08:12:14.548,0:26.580,0:27.230,0:24.248,,Alexander Sims,,GTP,,Whelen Engineering Cadillac Racing,Cadillac,GF,
31,2,8,1:18.784,0,,26.927,0,27.204,0,24.653,0,179.4,13:33.332,08:13:33.332,0:26.927,0:27.204,0:24.653,,Alexander Sims,,GTP,,Whelen Engineering Cadillac Racing,Cadillac,GF,
31,2,9,1:17.412,0,,26.816,0,26.542,0,24.054,2,182.5,14:50.744,08:14:50.744,0:26.816,0:26.542,0:24.054,,Alexander Sims,,GTP,,Whelen Engineering Cadillac Racing,Cadillac,GF,
31,2,10,1:17.054,2,,26.486,2,26.414,2,24.154,0,183.4,16:07.798,08:16:07.798,0:26.486,0:26.414,0:24.154,,Alexander Sims,,GTP,,Whelen Engineering Cadillac Racing,Cadillac,GF,
31,2,11,1:17.274,0,,26.496,0,26.721,0,24.057,0,182.9,17:25.072,08:17:25.072,0:26.496,0:26.721,0:24.057,,Alexander Sims,,GTP,,Whelen Engineering Cadillac Racing,Cadillac,GF,
32,2,1,4:07.692,0,B,1:28.883,0,35.659,0,2:03.150,0,57.0,4:07.692,08:04:07.692,1:28.883,0:35.659,2:03.150,,Mikael Grenier,0:00:56.347,GTD,,Team Korthoff Motorsports,Mercedes-AMG,GF,
32,2,2,3:19.695,0,B,55.126,0,34.165,0,1:50.404,0,70.8,7:27.387,08:07:27.387,0:55.126,0:34.165,1:50.404,,Mikael Grenier,0:02:01.249,GTD,,Team Korthoff Motorsports,Mercedes-AMG,GF,
32,2,3,1:56.297,0,,54.772,0,33.718,0,27.807,0,121.5,9:23.684,08:09:23.684,0:54.772,0:33.718,0:27.807,,Mikael Grenier,0:01:53.001,GTD,,Team Korthoff Motorsports,Mercedes-AMG,GF,
32,2,4,1:27.095,0,,29.825,0,29.864,0,27.406,0,162.2,10:50.779,08:10:50.779,0:29.825,0:29.864,0:27.406,,Mikael Grenier,,GTD,,Team Korthoff Motorsports,Mercedes-AMG,GF,
32,2,5,1:27.310,0,,29.276,0,30.637,0,27.397,1,161.8,12:18.089,08:12:18.089,0:29.276,0:30.637,0:27.397,,Mikael Grenier,,GTD,,Team Korthoff Motorsports,Mercedes-AMG,GF,
32,2,6,3:32.870,0,B,29.191,2,29.443,1,2:34.236,0,66.4,15:50.959,08:15:50.959,0:29.191,0:29.443,2:34.236,,Mikael Grenier,,GTD,,Team Korthoff Motorsports,Mercedes-AMG,GF,
32,1,7,1:47.191,0,,50.674,0,29.691,0,26.826,0,131.8,17:38.150,08:17:38.150,0:50.674,0:29.691,0:26.826,,Mike Skeen,0:02:38.045,GTD,,Team Korthoff Motorsports,Mercedes-AMG,GF,
32,1,8,1:25.411,0,,29.383,1,29.309,0,26.719,0,165.4,19:03.561,08:19:03.561,0:29.383,0:29.309,0:26.719,,Mike Skeen,,GTD,,Team Korthoff Motorsports,Mercedes-AMG,GF,
32,1,9,1:25.144,2,,29.405,0,29.179,2,26.560,2,166.0,20:28.705,08:20:28.705,0:29.405,0:29.179,0:26.560,,Mike Skeen,,GTD,,Team Korthoff Motorsports,Mercedes-AMG,FF,
33,2,1,2:41.847,0,,1:39.785,0,33.823,0,28.239,0,87.3,2:41.847,08:02:41.847,1:39.785,0:33.823,0:28.239,,Joao Barbosa,0:01:09.237,LMP3,,Sean Creech Motorsport,Ligier,GF,
33,2,2,1:29.392,0,,31.023,0,30.757,0,27.612,0,158.1,4:11.239,08:04:11.239,0:31.023,0:30.757,0:27.612,,Joao Barbosa,,LMP3,,Sean Creech Motorsport,Ligier,GF,
33,2,3,1:22.759,0,,28.409,0,28.542,0,25.808,0,170.7,5:33.998,08:05:33.998,0:28.409,0:28.542,0:25.808,,Joao Barbosa,,LMP3,,Sean Creech Motorsport,Ligier,GF,
33,2,4,1:24.055,0,,29.572,0,28.987,0,25.496,2,168.1,6:58.053,08:06:58.053,0:29.572,0:28.987,0:25.496,,Joao Barbosa,,LMP3,,Sean Creech Motorsport,Ligier,GF,
33,2,5,1:21.402,2,,27.858,2,27.998,0,25.546,0,173.6,8:19.455,08:08:19.455,0:27.858,0:27.998,0:25.546,,Joao Barbosa,,LMP3,,Sean Creech Motorsport,Ligier,GF,
33,2,6,3:29.581,0,B,28.117,0,27.930,2,2:33.534,0,67.4,11:49.036,08:11:49.036,0:28.117,0:27.930,2:33.534,,Joao Barbosa,,LMP3,,Sean Creech Motorsport,Ligier,GF,
33,2,7,1:44.604,0,,50.067,0,28.311,0,26.226,0,135.1,13:33.640,08:13:33.640,0:50.067,0:28.311,0:26.226,,Joao Barbosa,0:02:37.648,LMP3,,Sean Creech Motorsport,Ligier,GF,
33,2,8,1:22.189,0,,28.111,0,28.106,0,25.972,0,171.9,14:55.829,08:14:55.829,0:28.111,0:28.106,0:25.972,,Joao Barbosa,,LMP3,,Sean Creech Motorsport,Ligier,GF,
33,2,9,2:12.831,0,B,28.235,0,28.684,0,1:15.912,0,106.4,17:08.660,08:17:08.660,0:28.235,0:28.684,1:15.912,,Joao Barbosa,,LMP3,,Sean Creech Motorsport,Ligier,GF,
35,2,1,2:26.759,0,,1:24.228,0,34.368,0,28.163,0,96.3,2:26.759,08:02:26.759,1:24.228,0:34.368,0:28.163,,Giedo van der Garde,0:00:54.420,LMP2,,TDS Racing,ORECA,GF,
35,2,2,1:25.056,0,,29.877,0,29.069,0,26.110,0,166.1,3:51.815,08:03:51.815,0:29.877,0:29.069,0:26.110,,Giedo van der Garde,,LMP2,,TDS Racing,ORECA,GF,
35,2,3,1:21.020,0,,28.245,0,27.712,0,25.063,0,174.4,5:12.835,08:05:12.835,0:28.245,0:27.712,0:25.063,,Giedo van der Garde,,LMP2,,TDS Racing,ORECA,GF,
35,2,4,1:17.885,0,,26.755,0,26.742,0,24.388,2,181.4,6:30.720,08:06:30.720,0:26.755,0:26.742,0:24.388,,Giedo van der Garde,,LMP2,,TDS Racing,ORECA,GF,
35,2,5,1:18.781,0,,26.572,0,27.763,0,24.446,0,179.4,7:49.501,08:07:49.501,0:26.572,0:27.763,0:24.446,,Giedo van der Garde,,LMP2,,TDS Racing,ORECA,GF,
35,2,6,1:20.615,0,,27.132,0,27.922,0,25.561,0,175.3,9:10.116,08:09:10.116,0:27.132,0:27.922,0:25.561,,Giedo van der Garde,,LMP2,,TDS Racing,ORECA,GF,
35,2,7,1:17.419,2,,26.432,2,26.498,2,24.489,0,182.5,10:27.535,08:10:27.535,0:26.432,0:26.498,0:24.489,,Giedo van der Garde,,LMP2,,TDS Racing,ORECA,GF,
35,2,8,2:51.904,0,B,27.250,0,27.201,0,1:57.453,0,82.2,13:19.439,08:13:19.439,0:27.250,0:27.201,1:57.453,,Giedo van der Garde,,LMP2,,TDS Racing,ORECA,GF,
35,1,9,1:46.201,0,,51.488,0,29.037,0,25.676,0,133.1,15:05.640,08:15:05.640,0:51.488,0:29.037,0:25.676,,Rodrigo Sales,0:02:03.648,LMP2,,TDS Racing,ORECA,GF,
35,1,10,1:20.617,0,,27.683,0,27.958,0,24.976,0,175.3,16:26.257,08:16:26.257,0:27.683,0:27.958,0:24.976,,Rodrigo Sales,,LMP2,,TDS Racing,ORECA,GF,
35,1,11,1:51.441,0,,57.264,0,28.862,0,25.315,0,126.8,18:17.698,08:18:17.698,0:57.264,0:28.862,0:25.315,,Rodrigo Sales,,LMP2,,TDS Racing,ORECA,GF,
35,1,12,1:20.142,0,,27.500,0,27.586,0,25.056,0,176.3,19:37.840,08:19:37.840,0:27.500,0:27.586,0:25.056,,Rodrigo Sales,,LMP2,,TDS Racing,ORECA,GF,
35,1,13,1:19.661,0,,27.411,1,27.275,1,24.975,1,177.4,20:57.501,08:20:57.501,0:27.411,0:27.275,0:24.975,,Rodrigo Sales,,LMP2,,TDS Racing,ORECA,FF,
38,2,1,2:42.255,0,,1:41.486,0,32.399,0,28.370,0,87.1,2:42.255,08:02:42.255,1:41.486,0:32.399,0:28.370,,Connor Bloum,0:01:10.993,LMP3,,Performance Tech Motorsports,Ligier,GF,
38,2,2,1:29.353,0,,31.544,0,30.145,0,27.664,0,158.1,4:11.608,08:04:11.608,0:31.544,0:30.145,0:27.664,,Connor Bloum,,LMP3,,Performance Tech Motorsports,Ligier,GF,
38,2,3,1:24.254,0,,29.098,0,28.834,0,26.322,0,167.7,5:35.862,08:05:35.862,0:29.098,0:28.834,0:26.322,,Connor Bloum,,LMP3,,Performance Tech Motorsports,Ligier,GF,
38,2,4,1:25.226,0,,29.605,0,29.386,0,26.235,0,165.8,7:01.088,08:07:01.088,0:29.605,0:29.386,0:26.235,,Connor Bloum,,LMP3,,Performance Tech Motorsports,Ligier,GF,
38,2,5,1:23.677,0,,28.839,0,28.987,0,25.851,0,168.9,8:24.765,08:08:24.765,0:28.839,0:28.987,0:25.851,,Connor Bloum,,LMP3,,Performance Tech Motorsports,Ligier,GF,
38,2,6,1:22.740,0,,28.502,0,28.411,0,25.827,0,170.8,9:47.505,08:09:47.505,0:28.502,0:28.411,0:25.827,,Connor Bloum,,LMP3,,Performance Tech Motorsports,Ligier,GF,
38,2,7,1:22.557,0,,28.301,0,28.646,0,25.610,2,171.2,11:10.062,08:11:10.062,0:28.301,0:28.646,0:25.610,,Connor Bloum,,LMP3,,Performance Tech Motorsports,Ligier,GF,
38,2,8,1:22.303,0,,28.249,0,28.356,0,25.698,0,171.7,12:32.365,08:12:32.365,0:28.249,0:28.356,0:25.698,,Connor Bloum,,LMP3,,Performance Tech Motorsports,Ligier,GF,
38,2,9,1:22.289,2,,28.244,0,28.338,2,25.707,0,171.7,13:54.654,08:13:54.654,0:28.244,0:28.338,0:25.707,,Connor Bloum,,LMP3,,Performance Tech Motorsports,Ligier,GF,
38,2,10,2:39.177,0,B,28.196,2,28.519,0,1:42.462,0,88.8,16:33.831,08:16:33.831,0:28.196,0:28.519,1:42.462,,Connor Bloum,,LMP3,,Performance Tech Motorsports,Ligier,GF,
38,1,11,1:48.323,0,,51.477,0,29.707,0,27.139,0,130.4,18:22.154,08:18:22.154,0:51.477,0:29.707,0:27.139,,Alexander Koreiba,0:01:47.060,LMP3,,Performance Tech Motorsports,Ligier,GF,
38,1,12,1:27.336,0,,31.726,0,29.211,0,26.399,0,161.8,19:49.490,08:19:49.490,0:31.726,0:29.211,0:26.399,,Alexander Koreiba,,LMP3,,Performance Tech Motorsports,Ligier,GF,
38,1,13,1:24.243,0,,29.297,1,28.943,1,26.003,1,167.7,21:13.733,08:21:13.733,0:29.297,0:28.943,0:26.003,,Alexander Koreiba,,LMP3,,Performance Tech Motorsports,Ligier,FF,
5,2,1,2:34.617,0,,1:21.438,0,39.751,0,33.428,0,91.4,2:34.617,08:02:34.617,1:21.438,0:39.751,0:33.428,,Mike Rockenfeller,0:00:45.092,GTP,,JDC Miller MotorSports,Porsche,GF,
5,2,2,1:31.967,0,,32.606,0,31.747,0,27.614,0,153.6,4:06.584,08:04:06.584,0:32.606,0:31.747,0:27.614,,Mike Rockenfeller,,GTP,,JDC Miller MotorSports,Porsche,GF,
5,2,3,1:25.628,0,,28.916,0,29.629,0,27.083,0,165.0,5:32.212,08:05:32.212,0:28.916,0:29.629,0:27.083,,Mike Rockenfeller,,GTP,,JDC Miller MotorSports,Porsche,GF,
5,2,4,1:20.755,0,,28.035,0,28.180,0,24.540,0,175.0,6:52.967,08:06:52.967,0:28.035,0:28.180,0:24.540,,Mike Rockenfeller,,GTP,,JDC Miller MotorSports,Porsche,GF,
5,2,5,1:19.254,0,,28.073,0,27.057,0,24.124,0,178.3,8:12.221,08:08:12.221,0:28.073,0:27.057,0:24.124,,Mike Rockenfeller,,GTP,,JDC Miller MotorSports,Porsche,GF,
5,2,6,1:17.769,0,,26.676,0,26.657,0,24.436,0,181.7,9:29.990,08:09:29.990,0:26.676,0:26.657,0:24.436,,Mike Rockenfeller,,GTP,,JDC Miller MotorSports,Porsche,GF,
5,2,7,1:20.769,0,,27.644,0,26.505,2,26.620,0,175.0,10:50.759,08:10:50.759,0:27.644,0:26.505,0:26.620,,Mike Rockenfeller,,GTP,,JDC Miller MotorSports,Porsche,GF,
5,2,8,1:16.980,2,,26.379,0,26.690,0,23.911,2,183.6,12:07.739,08:12:07.739,0:26.379,0:26.690,0:23.911,,Mike Rockenfeller,,GTP,,JDC Miller MotorSports,Porsche,GF,
5,2,9,1:20.106,0,,26.777,0,27.523,0,25.806,0,176.4,13:27.845,08:13:27.845,0:26.777,0:27.523,0:25.806,,Mike Rockenfeller,,GTP,,JDC Miller MotorSports,Porsche,GF,
5,2,10,1:17.375,0,,26.464,0,26.572,0,24.339,0,182.6,14:45.220,08:14:45.220,0:26.464,0:26.572,0:24.339,,Mike Rockenfeller,,GTP,,JDC Miller MotorSports,Porsche,GF,
5,2,11,1:38.695,0,B,26.340,2,26.608,0,45.747,0,143.2,16:23.915,08:16:23.915,0:26.340,0:26.608,0:45.747,,Mike Rockenfeller,,GTP,,JDC Miller MotorSports,Porsche,GF,
5,1,12,2:10.621,0,,1:17.662,0,28.303,0,24.656,0,108.2,18:34.536,08:18:34.536,1:17.662,0:28.303,0:24.656,,Tijmen van der Helm,0:01:18.712,GTP,,JDC Miller MotorSports,Porsche,GF,
5,1,13,1:17.495,0,,26.527,1,26.911,1,24.057,1,182.3,19:52.031,08:19:52.031,0:26.527,0:26.911,0:24.057,,Tijmen van der Helm,,GTP,,JDC Miller MotorSports,Porsche,GF,
5,1,14,1:18.562,0,,26.979,0,27.258,0,24.325,0,179.9,21:10.593,08:21:10.593,0:26.979,0:27.258,0:24.325,,Tijmen van der Helm,,GTP,,JDC Miller MotorSports,Porsche,FF,
52,2,1,3:31.257,0,B,1:22.215,0,37.363,0,1:31.679,0,66.9,3:31.257,08:03:31.257,1:22.215,0:37.363,1:31.679,,Paul-Loup Chatin,0:00:49.743,LMP2,,PR1 Mathiasen Motorsports,ORECA,GF,
52,2,2,1:54.652,0,,54.736,0,31.879,0,28.037,0,123.2,5:25.909,08:05:25.909,0:54.736,0:31.879,0:28.037,,Paul-Loup Chatin,0:01:29.601,LMP2,,PR1 Mathiasen Motorsports,ORECA,GF,
52,2,3,1:23.947,0,,28.691,0,28.786,0,26.470,0,168.3,6:49.856,08:06:49.856,0:28.691,0:28.786,0:26.470,,Paul-Loup Chatin,,LMP2,,PR1 Mathiasen Motorsports,ORECA,GF,
52,2,4,1:19.886,0,,27.398,0,27.171,0,25.317,0,176.9,8:09.742,08:08:09.742,0:27.398,0:27.171,0:25.317,,Paul-Loup Chatin,,LMP2,,PR1 Mathiasen Motorsports,ORECA,GF,
52,2,5,1:18.825,0,,26.806,0,27.099,0,24.920,0,179.3,9:28.567,08:09:28.567,0:26.806,0:27.099,0:24.920,,Paul-Loup Chatin,,LMP2,,PR1 Mathiasen Motorsports,ORECA,GF,
52,2,6,1:18.823,0,,26.750,0,27.312,0,24.761,0,179.3,10:47.390,08:10:47.390,0:26.750,0:27.312,0:24.761,,Paul-Loup Chatin,,LMP2,,PR1 Mathiasen Motorsports,ORECA,GF,
52,2,7,1:18.502,2,,26.978,0,26.835,2,24.689,0,180.0,12:05.892,08:12:05.892,0:26.978,0:26.835,0:24.689,,Paul-Loup Chatin,,LMP2,,PR1 Mathiasen Motorsports,ORECA,GF,
52,2,8,1:21.715,0,,27.909,0,27.917,0,25.889,0,172.9,13:27.607,08:13:27.607,0:27.909,0:27.917,0:25.889,,Paul-Loup Chatin,,LMP2,,PR1 Mathiasen Motorsports,ORECA,GF,
52,2,9,2:51.778,0,B,27.531,0,28.107,0,1:56.140,0,82.3,16:19.385,08:16:19.385,0:27.531,0:28.107,1:56.140,,Paul-Loup Chatin,,LMP2,,PR1 Mathiasen Motorsports,ORECA,GF,
52,2,10,1:43.199,0,,47.586,0,30.491,0,25.122,0,136.9,18:02.584,08:18:02.584,0:47.586,0:30.491,0:25.122,,Paul-Loup Chatin,0:02:00.966,LMP2,,PR1 Mathiasen Motorsports,ORECA,GF,
52,2,11,1:18.651,0,,26.942,0,27.044,0,24.665,2,179.7,19:21.235,08:19:21.235,0:26.942,0:27.044,0:24.665,,Paul-Loup Chatin,,LMP2,,PR1 Mathiasen Motorsports,ORECA,GF,
52,2,12,1:18.541,0,,26.679,2,26.940,0,24.922,0,179.9,20:39.776,08:20:39.776,0:26.679,0:26.940,0:24.922,,Paul-Loup Chatin,,LMP2,,PR1 Mathiasen Motorsports,ORECA,FF,
54,1,1,3:02.991,0,B,1:38.599,0,33.605,0,50.787,0,77.2,3:02.991,08:03:02.991,1:38.599,0:33.605,0:50.787,,Jason Rabe,0:01:06.839,LMP3,,MLT Motorsports,Ligier,GF,
54,1,2,1:53.560,0,,54.043,0,31.661,0,27.856,0,124.4,4:56.551,08:04:56.551,0:54.043,0:31.661,0:27.856,,Jason Rabe,0:00:51.918,LMP3,,MLT Motorsports,Ligier,GF,
54,1,3,1:25.485,0,,29.760,0,29.489,0,26.236,0,165.3,6:22.036,08:06:22.036,0:29.760,0:29.489,0:26.236,,Jason Rabe,,LMP3,,MLT Motorsports,Ligier,GF,
54,1,4,1:24.914,0,,29.724,0,29.251,1,25.939,1,166.4,7:46.950,08:07:46.950,0:29.724,0:29.251,0:25.939,,Jason Rabe,,LMP3,,MLT Motorsports,Ligier,GF,
54,1,5,2:52.092,0,B,29.473,1,29.567,0,1:53.052,0,82.1,10:39.042,08:10:39.042,0:29.473,0:29.567,1:53.052,,Jason Rabe,,LMP3,,MLT Motorsports,Ligier,GF,
54,2,6,1:45.493,0,,50.488,0,28.838,0,26.167,0,133.9,12:24.535,08:12:24.535,0:50.488,0:28.838,0:26.167,,Dakota Dickerson,0:01:56.116,LMP3,,MLT Motorsports,Ligier,GF,
54,2,7,1:22.789,0,,28.441,0,28.348,0,26.000,0,170.7,13:47.324,08:13:47.324,0:28.441,0:28.348,0:26.000,,Dakota Dickerson,,LMP3,,MLT Motorsports,Ligier,GF,
54,2,8,1:21.878,2,,28.071,0,28.203,0,25.604,2,172.6,15:09.202,08:15:09.202,0:28.071,0:28.203,0:25.604,,Dakota Dickerson,,LMP3,,MLT Motorsports,Ligier,GF,
54,2,9,2:17.550,0,B,27.913,2,28.124,2,1:21.513,0,102.7,17:26.752,08:17:26.752,0:27.913,0:28.124,1:21.513,,Dakota Dickerson,,LMP3,,MLT Motorsports,Ligier,GF,
57,2,1,3:15.556,0,,2:02.150,0,39.300,0,34.106,2,72.3,3:15.556,08:03:15.556,2:02.150,0:39.300,0:34.106,,Philip Ellis,0:01:23.995,GTD,,Winward Racing,Mercedes-AMG,GF,
59,1,1,3:22.684,0,B,1:23.016,0,39.697,0,1:19.971,0,69.7,3:22.684,08:03:22.684,1:23.016,0:39.697,1:19.971,,Harry Tincknell,0:00:46.632,GTP,,Proton Competition,Porsche,GF,
59,1,2,2:19.908,0,,1:02.931,0,41.640,0,35.337,0,101.0,5:42.592,08:05:42.592,1:02.931,0:41.640,0:35.337,,Harry Tincknell,0:01:18.345,GTP,,Proton Competition,Porsche,GF,
59,1,3,2:23.670,0,B,35.365,0,33.416,0,1:14.889,0,98.4,8:06.262,08:08:06.262,0:35.365,0:33.416,1:14.889,,Harry Tincknell,,GTP,,Proton Competition,Porsche,GF,
59,1,4,2:09.559,0,,59.040,0,37.981,0,32.538,0,109.1,10:15.821,08:10:15.821,0:59.040,0:37.981,0:32.538,,Harry Tincknell,0:01:17.338,GTP,,Proton Competition,Porsche,GF,
59,1,5,1:33.826,0,,33.061,0,31.508,0,29.257,0,150.6,11:49.647,08:11:49.647,0:33.061,0:31.508,0:29.257,,Harry Tincknell,,GTP,,Proton Competition,Porsche,GF,
59,1,6,1:23.101,0,,29.402,0,28.736,0,24.963,0,170.0,13:12.748,08:13:12.748,0:29.402,0:28.736,0:24.963,,Harry Tincknell,,GTP,,Proton Competition,Porsche,GF,
59,1,7,1:19.815,0,,28.326,0,27.245,0,24.244,0,177.0,14:32.563,08:14:32.563,0:28.326,0:27.245,0:24.244,,Harry Tincknell,,GTP,,Proton Competition,Porsche,GF,
59,1,8,1:19.305,0,,26.567,0,27.900,0,24.838,0,178.2,15:51.868,08:15:51.868,0:26.567,0:27.900,0:24.838,,Harry Tincknell,,GTP,,Proton Competition,Porsche,GF,
59,1,9,1:17.126,2,,26.440,0,26.611,2,24.075,2,183.2,17:08.994,08:17:08.994,0:26.440,0:26.611,0:24.075,,Harry Tincknell,,GTP,,Proton Competition,Porsche,GF,
59,1,10,2:19.534,0,B,26.377,2,26.649,0,1:26.508,0,101.3,19:28.528,08:19:28.528,0:26.377,0:26.649,1:26.508,,Harry Tincknell,,GTP,,Proton Competition,Porsche,GF,
59,2,11,1:41.589,0,,49.748,0,27.612,1,24.229,1,139.1,21:10.117,08:21:10.117,0:49.748,0:27.612,0:24.229,,Gianmaria Bruni,0:01:32.553,GTP,,Proton Competition,Porsche,FF,
6,2,1,2:20.157,0,,1:13.086,0,37.418,0,29.653,0,100.8,2:20.157,08:02:20.157,1:13.086,0:37.418,0:29.653,,Mathieu Jaminet,0:00:35.478,GTP,,Porsche Penske Motorsports,Porsche,GF,
6,2,2,1:26.354,0,,30.413,0,30.167,0,25.774,0,163.6,3:46.511,08:03:46.511,0:30.413,0:30.167,0:25.774,,Mathieu Jaminet,,GTP,,Porsche Penske Motorsports,Porsche,GF,
6,2,3,1:21.104,0,,27.478,0,28.405,0,25.221,0,174.2,5:07.615,08:05:07.615,0:27.478,0:28.405,0:25.221,,Mathieu Jaminet,,GTP,,Porsche Penske Motorsports,Porsche,GF,
6,2,4,1:18.810,0,,26.714,0,27.473,0,24.623,0,179.3,6:26.425,08:06:26.425,0:26.714,0:27.473,0:24.623,,Mathieu Jaminet,,GTP,,Porsche Penske Motorsports,Porsche,GF,
6,2,5,1:18.226,0,,26.804,0,27.549,0,23.873,0,180.6,7:44.651,08:07:44.651,0:26.804,0:27.549,0:23.873,,Mathieu Jaminet,,GTP,,Porsche Penske Motorsports,Porsche,GF,
6,2,6,1:18.646,0,,27.136,0,27.680,0,23.830,0,179.7,9:03.297,08:09:03.297,0:27.136,0:27.680,0:23.830,,Mathieu Jaminet,,GTP,,Porsche Penske Motorsports,Porsche,GF,
6,2,7,1:16.145,2,,26.091,2,26.335,1,23.719,2,185.6,10:19.442,08:10:19.442,0:26.091,0:26.335,0:23.719,,Mathieu Jaminet,,GTP,,Porsche Penske Motorsports,Porsche,GF,
6,2,8,1:39.733,0,B,27.120,0,26.644,0,45.969,0,141.7,11:59.175,08:11:59.175,0:27.120,0:26.644,0:45.969,,Mathieu Jaminet,,GTP,,Porsche Penske Motorsports,Porsche,GF,
6,1,9,2:38.965,0,,1:47.158,0,27.447,0,24.360,0,88.9,14:38.140,08:14:38.140,1:47.158,0:27.447,0:24.360,,Nick Tandy,0:01:48.131,GTP,,Porsche Penske Motorsports,Porsche,GF,
6,1,10,1:17.707,0,,26.460,0,26.717,0,24.530,0,181.8,15:55.847,08:15:55.847,0:26.460,0:26.717,0:24.530,,Nick Tandy,,GTP,,Porsche Penske Motorsports,Porsche,GF,
6,1,11,1:17.515,0,,27.058,0,26.539,0,23.918,0,182.3,17:13.362,08:17:13.362,0:27.058,0:26.539,0:23.918,,Nick Tandy,,GTP,,Porsche Penske Motorsports,Porsche,GF,
6,1,12,1:16.795,0,,26.215,0,26.641,0,23.939,0,184.0,18:30.157,08:18:30.157,0:26.215,0:26.641,0:23.939,,Nick Tandy,,GTP,,Porsche Penske Motorsports,Porsche,GF,
6,1,13,1:16.512,0,,26.483,0,26.310,2,23.719,1,184.7,19:46.669,08:19:46.669,0:26.483,0:26.310,0:23.719,,Nick Tandy,,GTP,,Porsche Penske Motorsports,Porsche,GF,
6,1,14,1:16.757,0,,26.091,1,26.910,0,23.756,0,184.1,21:03.426,08:21:03.426,0:26.091,0:26.910,0:23.756,,Nick Tandy,,GTP,,Porsche Penske Motorsports,Porsche,FF,
60,1,1,2:32.284,0,,1:16.998,0,41.281,0,34.005,0,92.8,2:32.284,08:02:32.284,1:16.998,0:41.281,0:34.005,,Tom Blomqvist,0:00:38.915,GTP,,Meyer Shank Racing w/ Curb Agajanian,Acura,GF,
60,1,2,1:40.159,0,,37.778,0,32.610,0,29.771,0,141.1,4:12.443,08:04:12.443,0:37.778,0:32.610,0:29.771,,Tom Blomqvist,,GTP,,Meyer Shank Racing w/ Curb Agajanian,Acura,GF,
60,1,3,1:27.653,0,,31.153,0,29.909,0,26.591,0,161.2,5:40.096,08:05:40.096,0:31.153,0:29.909,0:26.591,,Tom Blomqvist,,GTP,,Meyer Shank Racing w/ Curb Agajanian,Acura,GF,
60,1,4,1:23.708,0,,27.976,0,30.611,0,25.121,0,168.8,7:03.804,08:07:03.804,0:27.976,0:30.611,0:25.121,,Tom Blomqvist,,GTP,,Meyer Shank Racing w/ Curb Agajanian,Acura,GF,
60,1,5,1:20.714,0,,27.268,0,28.495,0,24.951,1,175.1,8:24.518,08:08:24.518,0:27.268,0:28.495,0:24.951,,Tom Blomqvist,,GTP,,Meyer Shank Racing w/ Curb Agajanian,Acura,GF,
60,1,6,1:39.556,0,B,26.318,1,26.900,1,46.338,0,141.9,10:04.074,08:10:04.074,0:26.318,0:26.900,0:46.338,,Tom Blomqvist,,GTP,,Meyer Shank Racing w/ Curb Agajanian,Acura,GF,
60,2,7,3:54.026,0,,3:02.465,0,27.538,0,24.023,0,60.4,13:58.100,08:13:58.100,3:02.465,0:27.538,0:24.023,,Colin Braun,0:03:03.143,GTP,,Meyer Shank Racing w/ Curb Agajanian,Acura,GF,
60,2,8,1:17.027,0,,26.280,0,26.851,0,23.896,0,183.5,15:15.127,08:15:15.127,0:26.280,0:26.851,0:23.896,,Colin Braun,,GTP,,Meyer Shank Racing w/ Curb Agajanian,Acura,GF,
60,2,9,1:22.539,0,,32.118,0,26.587,0,23.834,0,171.2,16:37.666,08:16:37.666,0:32.118,0:26.587,0:23.834,,Colin Braun,,GTP,,Meyer Shank Racing w/ Curb Agajanian,Acura,GF,
60,2,10,1:16.359,2,,26.158,2,26.422,0,23.779,2,185.1,17:54.025,08:17:54.025,0:26.158,0:26.422,0:23.779,,Colin Braun,,GTP,,Meyer Shank Racing w/ Curb Agajanian,Acura,GF,
60,2,11,1:16.910,0,,26.806,0,26.296,2,23.808,0,183.7,19:10.935,08:19:10.935,0:26.806,0:26.296,0:23.808,,Colin Braun,,GTP,,Meyer Shank Racing w/ Curb Agajanian,Acura,GF,
60,2,12,1:19.610,0,,28.978,0,26.767,0,23.865,0,177.5,20:30.545,08:20:30.545,0:28.978,0:26.767,0:23.865,,Colin Braun,,GTP,,Meyer Shank Racing w/ Curb Agajanian,Acura,FF,
66,2,1,2:40.953,0,,1:33.961,0,36.621,0,30.371,0,87.8,2:40.953,08:02:40.953,1:33.961,0:36.621,0:30.371,,Katherine Legge,0:01:01.035,GTD,B,Gradient Racing,Acura,GF,
66,2,2,1:32.398,0,,33.365,0,30.960,0,28.073,0,152.9,4:13.351,08:04:13.351,0:33.365,0:30.960,0:28.073,,Katherine Legge,,GTD,B,Gradient Racing,Acura,GF,
66,2,3,1:28.978,0,,30.664,0,30.979,0,27.335,0,158.8,5:42.329,08:05:42.329,0:30.664,0:30.979,0:27.335,,Katherine Legge,,GTD,B,Gradient Racing,Acura,GF,
66,2,4,1:29.744,0,,30.040,0,32.213,0,27.491,0,157.5,7:12.073,08:07:12.073,0:30.040,0:32.213,0:27.491,,Katherine Legge,,GTD,B,Gradient Racing,Acura,GF,
66,2,5,1:25.971,0,,29.803,0,29.446,0,26.722,0,164.4,8:38.044,08:08:38.044,0:29.803,0:29.446,0:26.722,,Katherine Legge,,GTD,B,Gradient Racing,Acura,GF,
66,2,6,1:26.603,0,,29.559,0,30.162,0,26.882,0,163.2,10:04.647,08:10:04.647,0:29.559,0:30.162,0:26.882,,Katherine Legge,,GTD,B,Gradient Racing,Acura,GF,
66,2,7,1:25.065,2,,29.370,0,29.130,2,26.565,2,166.1,11:29.712,08:11:29.712,0:29.370,0:29.130,0:26.565,,Katherine Legge,,GTD,B,Gradient Racing,Acura,GF,
66,2,8,3:46.226,0,B,29.240,2,29.275,0,2:47.711,0,62.5,15:15.938,08:15:15.938,0:29.240,0:29.275,2:47.711,,Katherine Legge,,GTD,B,Gradient Racing,Acura,GF,
66,2,9,1:46.339,0,,50.015,0,29.489,0,26.835,0,132.9,17:02.277,08:17:02.277,0:50.015,0:29.489,0:26.835,,Katherine Legge,0:02:52.396,GTD,B,Gradient Racing,Acura,GF,
66,2,10,1:26.166,0,,29.643,0,29.438,0,27.085,0,164.0,18:28.443,08:18:28.443,0:29.643,0:29.438,0:27.085,,Katherine Legge,,GTD,B,Gradient Racing,Acura,GF,
7,1,1,2:23.257,0,,1:13.578,0,38.226,0,31.453,0,98.6,2:23.257,08:02:23.257,1:13.578,0:38.226,0:31.453,,Matt Campbell,0:00:37.034,GTP,,Porsche Penske Motorsports,Porsche,GF,
7,1,2,1:29.010,0,,31.451,0,30.609,0,26.950,0,158.8,3:52.267,08:03:52.267,0:31.451,0:30.609,0:26.950,,Matt Campbell,,GTP,,Porsche Penske Motorsports,Porsche,GF,
7,1,3,1:22.049,0,,28.575,0,28.013,0,25.461,0,172.2,5:14.316,08:05:14.316,0:28.575,0:28.013,0:25.461,,Matt Campbell,,GTP,,Porsche Penske Motorsports,Porsche,GF,
7,1,4,1:18.491,0,,27.167,0,27.058,0,24.266,0,180.0,6:32.807,08:06:32.807,0:27.167,0:27.058,0:24.266,,Matt Campbell,,GTP,,Porsche Penske Motorsports,Porsche,GF,
7,1,5,1:23.037,0,,32.297,0,26.739,0,24.001,0,170.2,7:55.844,08:07:55.844,0:32.297,0:26.739,0:24.001,,Matt Campbell,,GTP,,Porsche Penske Motorsports,Porsche,GF,
7,1,6,1:18.238,0,,26.807,0,27.032,0,24.399,0,180.6,9:14.082,08:09:14.082,0:26.807,0:27.032,0:24.399,,Matt Campbell,,GTP,,Porsche Penske Motorsports,Porsche,GF,
7,1,7,1:18.450,0,,27.207,0,27.308,0,23.935,1,180.1,10:32.532,08:10:32.532,0:27.207,0:27.308,0:23.935,,Matt Campbell,,GTP,,Porsche Penske Motorsports,Porsche,GF,
7,1,8,1:38.600,0,B,26.204,2,26.235,3,46.161,0,143.3,12:11.132,08:12:11.132,0:26.204,0:26.235,0:46.161,,Matt Campbell,,GTP,,Porsche Penske Motorsports,Porsche,GF,
7,2,9,2:16.903,0,,1:24.294,0,28.081,0,24.528,0,103.2,14:28.035,08:14:28.035,1:24.294,0:28.081,0:24.528,,Felipe Nasr,0:01:25.908,GTP,,Porsche Penske Motorsports,Porsche,GF,
7,2,10,1:17.245,2,,26.786,1,26.635,1,23.824,2,182.9,15:45.280,08:15:45.280,0:26.786,0:26.635,0:23.824,,Felipe Nasr,,GTP,,Porsche Penske Motorsports,Porsche,GF,
7,2,11,1:19.871,0,,27.103,0,26.748,0,26.020,0,176.9,17:05.151,08:17:05.151,0:27.103,0:26.748,0:26.020,,Felipe Nasr,,GTP,,Porsche Penske Motorsports,Porsche,GF,
7,2,12,1:19.118,0,,26.954,0,27.788,0,24.376,0,178.6,18:24.269,08:18:24.269,0:26.954,0:27.788,0:24.376,,Felipe Nasr,,GTP,,Porsche Penske Motorsports,Porsche,GF,
7,2,13,1:41.133,0,B,28.058,0,26.909,0,46.166,0,139.7,20:05.402,08:20:05.402,0:28.058,0:26.909,0:46.166,,Felipe Nasr,,GTP,,Porsche Penske Motorsports,Porsche,FF,
70,1,1,3:25.524,0,,2:20.778,0,34.501,0,30.245,0,68.8,3:25.524,08:03:25.524,2:20.778,0:34.501,0:30.245,,Brendan Iribe,0:01:46.609,GTD,B,Inception Racing,McLaren,GF,
70,1,2,1:33.482,0,,32.250,0,32.139,0,29.093,0,151.2,4:59.006,08:04:59.006,0:32.250,0:32.139,0:29.093,,Brendan Iribe,,GTD,B,Inception Racing,McLaren,GF,
70,1,3,1:28.111,0,,30.530,0,30.382,0,27.199,0,160.4,6:27.117,08:06:27.117,0:30.530,0:30.382,0:27.199,,Brendan Iribe,,GTD,B,Inception Racing,McLaren,GF,
70,1,4,1:27.066,0,,29.784,0,30.401,0,26.881,1,162.3,7:54.183,08:07:54.183,0:29.784,0:30.401,0:26.881,,Brendan Iribe,,GTD,B,Inception Racing,McLaren,GF,
70,1,5,1:46.775,0,B,29.746,1,29.652,1,47.377,0,132.3,9:40.958,08:09:40.958,0:29.746,0:29.652,0:47.377,,Brendan Iribe,,GTD,B,Inception Racing,McLaren,GF,
70,2,6,2:33.057,0,,1:34.116,0,31.442,0,27.499,0,92.3,12:14.015,08:12:14.015,1:34.116,0:31.442,0:27.499,,Frederik Schandorff,0:01:33.487,GTD,B,Inception Racing,McLaren,GF,
70,2,7,1:25.630,0,,29.522,0,29.533,0,26.575,0,165.0,13:39.645,08:13:39.645,0:29.522,0:29.533,0:26.575,,Frederik Schandorff,,GTD,B,Inception Racing,McLaren,GF,
70,2,8,1:24.406,2,,29.030,0,28.996,0,26.380,2,167.4,15:04.051,08:15:04.051,0:29.030,0:28.996,0:26.380,,Frederik Schandorff,,GTD,B,Inception Racing,McLaren,GF,
70,2,9,1:24.751,0,,28.859,2,29.409,0,26.483,0,166.7,16:28.802,08:16:28.802,0:28.859,0:29.409,0:26.483,,Frederik Schandorff,,GTD,B,Inception Racing,McLaren,GF,
70,2,10,1:44.512,0,B,28.982,0,28.895,2,46.635,0,135.2,18:13.314,08:18:13.314,0:28.982,0:28.895,0:46.635,,Frederik Schandorff,,GTD,B,Inception Racing,McLaren,GF,
70,2,11,2:25.275,0,,1:29.556,0,29.137,0,26.582,0,97.3,20:38.589,08:20:38.589,1:29.556,0:29.137,0:26.582,,Frederik Schandorff,0:01:32.606,GTD,B,Inception Racing,McLaren,FF,
74,2,1,2:00.509,0,,39.051,0,32.442,0,49.016,0,117.3,2:00.509,08:02:00.509,0:39.051,0:32.442,0:49.016,,Josh Burdon,0:00:09.240,LMP3,,Riley,Ligier,GF,
74,2,2,1:37.391,0,,38.795,0,31.170,0,27.426,0,145.1,3:37.900,08:03:37.900,0:38.795,0:31.170,0:27.426,,Josh Burdon,,LMP3,,Riley,Ligier,GF,
74,2,3,1:26.983,0,,30.678,0,30.208,0,26.097,0,162.5,5:04.883,08:05:04.883,0:30.678,0:30.208,0:26.097,,Josh Burdon,,LMP3,,Riley,Ligier,GF,
74,2,4,1:23.827,0,,28.298,0,29.640,0,25.889,0,168.6,6:28.710,08:06:28.710,0:28.298,0:29.640,0:25.889,,Josh Burdon,,LMP3,,Riley,Ligier,GF,
74,2,5,1:22.972,0,,28.339,0,28.938,0,25.695,0,170.3,7:51.682,08:07:51.682,0:28.339,0:28.938,0:25.695,,Josh Burdon,,LMP3,,Riley,Ligier,GF,
74,2,6,1:25.845,0,,28.279,0,29.038,0,28.528,0,164.6,9:17.527,08:09:17.527,0:28.279,0:29.038,0:28.528,,Josh Burdon,,LMP3,,Riley,Ligier,GF,
74,2,7,1:21.856,2,,28.202,2,28.174,2,25.480,2,172.6,10:39.383,08:10:39.383,0:28.202,0:28.174,0:25.480,,Josh Burdon,,LMP3,,Riley,Ligier,GF,
74,2,8,3:37.868,0,B,28.938,0,28.708,0,2:40.222,0,64.9,14:17.251,08:14:17.251,0:28.938,0:28.708,2:40.222,,Josh Burdon,,LMP3,,Riley,Ligier,GF,
74,1,9,2:39.580,0,B,53.114,0,30.100,1,1:16.366,0,88.5,16:56.831,08:16:56.831,0:53.114,0:30.100,1:16.366,,Gar Robinson,0:02:44.844,LMP3,,Riley,Ligier,GF,
77,2,1,2:50.565,0,,1:37.886,0,39.925,0,32.754,0,82.8,2:50.565,08:02:50.565,1:37.886,0:39.925,0:32.754,,Trent Hindman,0:01:02.838,GTD,B,Wright Motorsports,Porsche,GF,
77,2,2,1:34.326,0,,34.176,0,32.304,0,27.846,0,149.8,4:24.891,08:04:24.891,0:34.176,0:32.304,0:27.846,,Trent Hindman,,GTD,B,Wright Motorsports,Porsche,GF,
77,2,3,1:27.020,0,,30.323,0,29.858,0,26.839,0,162.4,5:51.911,08:05:51.911,0:30.323,0:29.858,0:26.839,,Trent Hindman,,GTD,B,Wright Motorsports,Porsche,GF,
77,2,4,1:25.305,0,,28.921,0,29.795,0,26.589,0,165.6,7:17.216,08:07:17.216,0:28.921,0:29.795,0:26.589,,Trent Hindman,,GTD,B,Wright Motorsports,Porsche,GF,
77,2,5,1:28.803,0,,29.468,0,31.487,0,27.848,0,159.1,8:46.019,08:08:46.019,0:29.468,0:31.487,0:27.848,,Trent Hindman,,GTD,B,Wright Motorsports,Porsche,GF,
77,2,6,1:24.351,0,,28.859,0,29.056,0,26.436,0,167.5,10:10.370,08:10:10.370,0:28.859,0:29.056,0:26.436,,Trent Hindman,,GTD,B,Wright Motorsports,Porsche,GF,
77,2,7,1:23.980,2,,28.786,0,28.866,2,26.328,2,168.3,11:34.350,08:11:34.350,0:28.786,0:28.866,0:26.328,,Trent Hindman,,GTD,B,Wright Motorsports,Porsche,GF,
77,2,8,2:34.850,0,B,28.674,2,28.960,0,1:37.216,0,91.3,14:09.200,08:14:09.200,0:28.674,0:28.960,1:37.216,,Trent Hindman,,GTD,B,Wright Motorsports,Porsche,GF,
77,2,9,1:44.468,0,,48.461,0,29.194,0,26.813,0,135.3,15:53.668,08:15:53.668,0:48.461,0:29.194,0:26.813,,Trent Hindman,0:01:42.629,GTD,B,Wright Motorsports,Porsche,GF,
77,2,10,1:24.304,0,,28.871,0,28.982,0,26.451,0,167.6,17:17.972,08:17:17.972,0:28.871,0:28.982,0:26.451,,Trent Hindman,,GTD,B,Wright Motorsports,Porsche,GF,
77,2,11,1:24.188,0,,28.901,0,28.955,0,26.332,0,167.8,18:42.160,08:18:42.160,0:28.901,0:28.955,0:26.332,,Trent Hindman,,GTD,B,Wright Motorsports,Porsche,GF,
77,2,12,1:24.023,0,,28.724,0,28.942,0,26.357,0,168.2,20:06.183,08:20:06.183,0:28.724,0:28.942,0:26.357,,Trent Hindman,,GTD,B,Wright Motorsports,Porsche,FF,
78,1,1,2:40.653,0,,1:35.459,0,34.827,0,30.367,0,88.0,2:40.653,08:02:40.653,1:35.459,0:34.827,0:30.367,,Misha Goikhberg,0:01:03.967,GTD,,Forte Racing Powered by USRT,Lamborghini,GF,
78,1,2,1:32.477,0,,31.576,0,31.379,0,29.522,0,152.8,4:13.130,08:04:13.130,0:31.576,0:31.379,0:29.522,,Misha Goikhberg,,GTD,,Forte Racing Powered by USRT,Lamborghini,GF,
78,1,3,1:30.501,0,,31.725,0,30.440,0,28.336,0,156.1,5:43.631,08:05:43.631,0:31.725,0:30.440,0:28.336,,Misha Goikhberg,,GTD,,Forte Racing Powered by USRT,Lamborghini,GF,
78,1,4,1:28.726,0,,31.173,0,30.108,0,27.445,0,159.3,7:12.357,08:07:12.357,0:31.173,0:30.108,0:27.445,,Misha Goikhberg,,GTD,,Forte Racing Powered by USRT,Lamborghini,GF,
78,1,5,1:29.204,0,,30.726,0,29.977,0,28.501,0,158.4,8:41.561,08:08:41.561,0:30.726,0:29.977,0:28.501,,Misha Goikhberg,,GTD,,Forte Racing Powered by USRT,Lamborghini,GF,
78,1,6,1:26.550,0,,29.441,0,30.427,0,26.682,1,163.3,10:08.111,08:10:08.111,0:29.441,0:30.427,0:26.682,,Misha Goikhberg,,GTD,,Forte Racing Powered by USRT,Lamborghini,GF,
78,1,7,2:40.893,0,B,29.425,0,29.459,1,1:42.009,0,87.8,12:49.004,08:12:49.004,0:29.425,0:29.459,1:42.009,,Misha Goikhberg,,GTD,,Forte Racing Powered by USRT,Lamborghini,GF,
78,1,8,1:45.775,0,,49.217,0,29.569,0,26.989,0,133.6,14:34.779,08:14:34.779,0:49.217,0:29.569,0:26.989,,Misha Goikhberg,0:01:47.056,GTD,,Forte Racing Powered by USRT,Lamborghini,GF,
78,1,9,2:08.106,0,B,29.107,2,30.158,0,1:08.841,0,110.3,16:42.885,08:16:42.885,0:29.107,0:30.158,1:08.841,,Misha Goikhberg,,GTD,,Forte Racing Powered by USRT,Lamborghini,GF,
78,2,10,1:55.021,0,,53.637,0,32.842,0,28.542,0,122.9,18:37.906,08:18:37.906,0:53.637,0:32.842,0:28.542,,Loris Spinelli,0:01:13.972,GTD,,Forte Racing Powered by USRT,Lamborghini,GF,
78,2,11,1:24.841,2,,29.276,1,29.191,2,26.374,2,166.6,20:02.747,08:20:02.747,0:29.276,0:29.191,0:26.374,,Loris Spinelli,,GTD,,Forte Racing Powered by USRT,Lamborghini,FF,
79,2,1,2:20.724,0,,1:19.849,0,32.485,0,28.390,0,100.4,2:20.724,08:02:20.724,1:19.849,0:32.485,0:28.390,,Jules Gounon,0:00:48.108,GTDPRO,,WeatherTech Racing,Mercedes-AMG,GF,
79,2,2,1:28.264,0,,30.463,0,31.050,0,26.751,1,160.1,3:48.988,08:03:48.988,0:30.463,0:31.050,0:26.751,,Jules Gounon,,GTDPRO,,WeatherTech Racing,Mercedes-AMG,GF,
79,2,3,1:28.967,0,,30.912,0,30.366,0,27.689,0,158.8,5:17.955,08:05:17.955,0:30.912,0:30.366,0:27.689,,Jules Gounon,,GTDPRO,,WeatherTech Racing,Mercedes-AMG,GF,
79,2,4,2:20.123,0,B,29.653,1,29.563,1,1:20.907,0,100.8,7:38.078,08:07:38.078,0:29.653,0:29.563,1:20.907,,Jules Gounon,,GTDPRO,,WeatherTech Racing,Mercedes-AMG,GF,
79,1,5,1:53.856,0,,53.853,0,31.794,0,28.209,0,124.1,9:31.934,08:09:31.934,0:53.853,0:31.794,0:28.209,,Daniel Juncadella,0:01:26.841,GTDPRO,,WeatherTech Racing,Mercedes-AMG,GF,
79,1,6,1:27.053,0,,30.306,0,29.918,0,26.829,0,162.3,10:58.987,08:10:58.987,0:30.306,0:29.918,0:26.829,,Daniel Juncadella,,GTDPRO,,WeatherTech Racing,Mercedes-AMG,GF,
79,1,7,1:27.345,0,,30.281,0,30.248,0,26.816,0,161.8,12:26.332,08:12:26.332,0:30.281,0:30.248,0:26.816,,Daniel Juncadella,,GTDPRO,,WeatherTech Racing,Mercedes-AMG,GF,
79,1,8,1:24.709,2,,29.087,0,29.148,2,26.474,2,166.8,13:51.041,08:13:51.041,0:29.087,0:29.148,0:26.474,,Daniel Juncadella,,GTDPRO,,WeatherTech Racing,Mercedes-AMG,GF,
8,2,1,3:28.668,0,B,1:32.346,0,35.793,0,1:20.529,0,67.7,3:28.668,08:03:28.668,1:32.346,0:35.793,1:20.529,,Louis Deletraz,0:00:58.370,LMP2,,Tower Motorsports,ORECA,GF,
8,2,2,2:50.378,0,B,57.955,0,35.865,0,1:16.558,0,82.9,6:19.046,08:06:19.046,0:57.955,0:35.865,1:16.558,,Louis Deletraz,0:01:20.027,LMP2,,Tower Motorsports,ORECA,GF,
8,2,3,1:51.913,0,,52.617,0,31.601,0,27.695,0,126.3,8:10.959,08:08:10.959,0:52.617,0:31.601,0:27.695,,Louis Deletraz,0:01:18.899,LMP2,,Tower Motorsports,ORECA,GF,
8,2,4,1:22.769,0,,29.380,0,28.235,0,25.154,0,170.7,9:33.728,08:09:33.728,0:29.380,0:28.235,0:25.154,,Louis Deletraz,,LMP2,,Tower Motorsports,ORECA,GF,
8,2,5,1:20.073,2,,27.499,0,27.447,0,25.127,2,176.5,10:53.801,08:10:53.801,0:27.499,0:27.447,0:25.127,,Louis Deletraz,,LMP2,,Tower Motorsports,ORECA,GF,
8,2,6,1:22.668,0,,27.656,0,28.683,0,26.329,0,170.9,12:16.469,08:12:16.469,0:27.656,0:28.683,0:26.329,,Louis Deletraz,,LMP2,,Tower Motorsports,ORECA,GF,
8,2,7,2:46.535,0,B,27.194,2,27.050,2,1:52.291,0,84.9,15:03.004,08:15:03.004,0:27.194,0:27.050,1:52.291,,Louis Deletraz,,LMP2,,Tower Motorsports,ORECA,GF,
8,1,8,1:46.675,0,,51.227,0,29.547,0,25.901,0,132.5,16:49.679,08:16:49.679,0:51.227,0:29.547,0:25.901,,Dan Goldburg,0:01:58.044,LMP2,,Tower Motorsports,ORECA,GF,
8,1,9,1:23.576,0,,29.662,0,28.535,0,25.379,0,169.1,18:13.255,08:18:13.255,0:29.662,0:28.535,0:25.379,,Dan Goldburg,,LMP2,,Tower Motorsports,ORECA,GF,
8,1,10,1:20.199,0,,27.454,1,27.592,1,25.153,1,176.2,19:33.454,08:19:33.454,0:27.454,0:27.592,0:25.153,,Dan Goldburg,,LMP2,,Tower Motorsports,ORECA,GF,
8,1,11,1:21.319,0,,27.618,0,27.722,0,25.979,0,173.8,20:54.773,08:20:54.773,0:27.618,0:27.722,0:25.979,,Dan Goldburg,,LMP2,,Tower Motorsports,ORECA,FF,
91,1,1,4:01.766,0,B,1:50.547,0,36.960,0,1:34.259,0,58.4,4:01.766,08:04:01.766,1:50.547,0:36.960,1:34.259,,Alan Metni,0:01:13.777,GTD,B,Kellymoss with Riley,Porsche,GF,
91,2,2,1:56.456,0,,55.674,0,32.779,0,28.003,0,121.3,5:58.222,08:05:58.222,0:55.674,0:32.779,0:28.003,,Kay van Berlo,0:01:32.938,GTD,B,Kellymoss with Riley,Porsche,GF,
91,2,3,1:26.199,0,,29.861,0,29.676,0,26.662,0,163.9,7:24.421,08:07:24.421,0:29.861,0:29.676,0:26.662,,Kay van Berlo,,GTD,B,Kellymoss with Riley,Porsche,GF,
91,2,4,1:24.444,2,,29.047,0,29.016,0,26.381,2,167.3,8:48.865,08:08:48.865,0:29.047,0:29.016,0:26.381,,Kay van Berlo,,GTD,B,Kellymoss with Riley,Porsche,GF,
91,2,5,1:24.774,0,,29.014,2,28.921,0,26.839,0,166.7,10:13.639,08:10:13.639,0:29.014,0:28.921,0:26.839,,Kay van Berlo,,GTD,B,Kellymoss with Riley,Porsche,GF,
91,2,6,2:39.213,0,B,30.383,0,28.894,2,1:39.936,0,88.8,12:52.852,08:12:52.852,0:30.383,0:28.894,1:39.936,,Kay van Berlo,,GTD,B,Kellymoss with Riley,Porsche,GF,
91,1,7,1:54.185,0,,56.177,0,30.398,0,27.610,0,123.8,14:47.037,08:14:47.037,0:56.177,0:30.398,0:27.610,,Alan Metni,0:01:45.577,GTD,B,Kellymoss with Riley,Porsche,GF,
91,1,8,1:26.705,0,,29.813,0,29.676,0,27.216,0,163.0,16:13.742,08:16:13.742,0:29.813,0:29.676,0:27.216,,Alan Metni,,GTD,B,Kellymoss with Riley,Porsche,GF,
91,1,9,1:26.700,0,,30.536,0,29.247,1,26.917,1,163.0,17:40.442,08:17:40.442,0:30.536,0:29.247,0:26.917,,Alan Metni,,GTD,B,Kellymoss with Riley,Porsche,GF,
91,1,10,1:27.991,0,,29.180,1,29.454,0,29.357,0,160.6,19:08.433,08:19:08.433,0:29.180,0:29.454,0:29.357,,Alan Metni,,GTD,B,Kellymoss with Riley,Porsche,GF,
92,2,1,2:43.831,0,,1:38.224,0,35.997,0,29.610,0,86.3,2:43.831,08:02:43.831,1:38.224,0:35.997,0:29.610,,Alec Udell,0:01:05.604,GTD,B,Kellymoss with Riley,Porsche,GF,
92,2,2,1:29.767,0,,30.767,0,31.233,0,27.767,0,157.4,4:13.598,08:04:13.598,0:30.767,0:31.233,0:27.767,,Alec Udell,,GTD,B,Kellymoss with Riley,Porsche,GF,
92,2,3,1:29.195,0,,31.541,0,30.300,0,27.354,0,158.4,5:42.793,08:05:42.793,0:31.541,0:30.300,0:27.354,,Alec Udell,,GTD,B,Kellymoss with Riley,Porsche,GF,
92,2,4,1:27.016,0,,29.830,0,30.352,0,26.834,0,162.4,7:09.809,08:07:09.809,0:29.830,0:30.352,0:26.834,,Alec Udell,,GTD,B,Kellymoss with Riley,Porsche,GF,
92,2,5,1:24.897,0,,29.146,0,29.305,0,26.446,0,166.4,8:34.706,08:08:34.706,0:29.146,0:29.305,0:26.446,,Alec Udell,,GTD,B,Kellymoss with Riley,Porsche,GF,
92,2,6,3:46.971,0,B,30.813,0,30.960,0,2:45.198,0,62.3,12:21.677,08:12:21.677,0:30.813,0:30.960,2:45.198,,Alec Udell,,GTD,B,Kellymoss with Riley,Porsche,GF,
92,2,7,1:47.333,0,,50.434,0,29.185,0,27.714,0,131.7,14:09.010,08:14:09.010,0:50.434,0:29.185,0:27.714,,Alec Udell,0:02:50.212,GTD,B,Kellymoss with Riley,Porsche,GF,
92,2,8,1:24.677,0,,28.905,2,29.035,0,26.737,0,166.9,15:33.687,08:15:33.687,0:28.905,0:29.035,0:26.737,,Alec Udell,,GTD,B,Kellymoss with Riley,Porsche,GF,
92,2,9,1:24.248,2,,28.914,0,28.950,2,26.384,2,167.7,16:57.935,08:16:57.935,0:28.914,0:28.950,0:26.384,,Alec Udell,,GTD,B,Kellymoss with Riley,Porsche,GF,
93,1,1,2:08.554,0,,57.827,0,36.584,0,34.143,0,109.9,2:08.554,08:02:08.554,0:57.827,0:36.584,0:34.143,,Ashton Harrison,0:00:25.267,GTD,,Racers Edge Motorsports with WTR,Acura,GF,
93,1,2,1:43.874,0,,38.372,0,35.267,0,30.235,0,136.0,3:52.428,08:03:52.428,0:38.372,0:35.267,0:30.235,,Ashton Harrison,,GTD,,Racers Edge Motorsports with WTR,Acura,GF,
93,1,3,1:39.502,0,,34.467,0,35.969,0,29.066,1,142.0,5:31.930,08:05:31.930,0:34.467,0:35.969,0:29.066,,Ashton Harrison,,GTD,,Racers Edge Motorsports with WTR,Acura,GF,
93,1,4,2:03.483,0,B,33.963,1,33.553,1,55.967,0,114.4,7:35.413,08:07:35.413,0:33.963,0:33.553,0:55.967,,Ashton Harrison,,GTD,,Racers Edge Motorsports with WTR,Acura,GF,
93,2,5,3:40.439,0,,2:43.719,0,30.077,0,26.643,0,64.1,11:15.852,08:11:15.852,2:43.719,0:30.077,0:26.643,,Kyle Marcelli,0:02:44.828,GTD,,Racers Edge Motorsports with WTR,Acura,GF,
93,2,6,1:25.544,0,,29.664,0,29.336,0,26.544,0,165.2,12:41.396,08:12:41.396,0:29.664,0:29.336,0:26.544,,Kyle Marcelli,,GTD,,Racers Edge Motorsports with WTR,Acura,GF,
93,2,7,1:25.288,0,,29.517,0,29.278,0,26.493,0,165.7,14:06.684,08:14:06.684,0:29.517,0:29.278,0:26.493,,Kyle Marcelli,,GTD,,Racers Edge Motorsports with WTR,Acura,GF,
93,2,8,1:25.002,2,,29.113,2,29.401,0,26.488,2,166.2,15:31.686,08:15:31.686,0:29.113,0:29.401,0:26.488,,Kyle Marcelli,,GTD,,Racers Edge Motorsports with WTR,Acura,GF,
93,2,9,1:25.942,0,,29.351,0,30.017,0,26.574,0,164.4,16:57.628,08:16:57.628,0:29.351,0:30.017,0:26.574,,Kyle Marcelli,,GTD,,Racers Edge Motorsports with WTR,Acura,GF,
93,2,10,1:25.025,0,,29.184,0,29.141,2,26.700,0,166.2,18:22.653,08:18:22.653,0:29.184,0:29.141,0:26.700,,Kyle Marcelli,,GTD,,Racers Edge Motorsports with WTR,Acura,GF,
94,1,1,3:01.849,0,,1:51.497,0,39.635,0,30.717,1,77.7,3:01.849,08:03:01.849,1:51.497,0:39.635,0:30.717,,Jarett Andretti,0:01:16.689,GTD,,Andretti Autosport,Aston Martin,GF,
94,1,2,2:35.770,0,B,31.281,1,32.322,1,1:32.167,0,90.7,5:37.619,08:05:37.619,0:31.281,0:32.322,1:32.167,,Jarett Andretti,,GTD,,Andretti Autosport,Aston Martin,GF,
94,2,3,2:01.988,0,,57.038,0,34.484,0,30.466,0,115.8,7:39.607,08:07:39.607,0:57.038,0:34.484,0:30.466,,Gabby Chaves,0:01:34.791,GTD,,Andretti Autosport,Aston Martin,GF,
94,2,4,1:31.916,0,,31.889,0,31.580,0,28.447,0,153.7,9:11.523,08:09:11.523,0:31.889,0:31.580,0:28.447,,Gabby Chaves,,GTD,,Andretti Autosport,Aston Martin,GF,
94,2,5,1:27.350,0,,30.575,0,29.919,0,26.856,0,161.8,10:38.873,08:10:38.873,0:30.575,0:29.919,0:26.856,,Gabby Chaves,,GTD,,Andretti Autosport,Aston Martin,GF,
94,2,6,1:26.135,0,,29.282,0,29.721,0,27.132,0,164.1,12:05.008,08:12:05.008,0:29.282,0:29.721,0:27.132,,Gabby Chaves,,GTD,,Andretti Autosport,Aston Martin,GF,
94,2,7,1:25.313,0,,29.347,0,29.323,0,26.643,0,165.6,13:30.321,08:13:30.321,0:29.347,0:29.323,0:26.643,,Gabby Chaves,,GTD,,Andretti Autosport,Aston Martin,GF,
94,2,8,1:25.545,0,,29.348,0,29.554,0,26.643,0,165.2,14:55.866,08:14:55.866,0:29.348,0:29.554,0:26.643,,Gabby Chaves,,GTD,,Andretti Autosport,Aston Martin,GF,
94,2,9,1:25.286,0,,29.315,0,29.246,0,26.725,0,165.7,16:21.152,08:16:21.152,0:29.315,0:29.246,0:26.725,,Gabby Chaves,,GTD,,Andretti Autosport,Aston Martin,GF,
94,2,10,1:24.590,2,,28.975,2,29.114,2,26.501,2,167.0,17:45.742,08:17:45.742,0:28.975,0:29.114,0:26.501,,Gabby Chaves,,GTD,,Andretti Autosport,Aston Martin,GF,
94,2,11,1:24.660,0,,29.001,0,29.136,0,26.523,0,166.9,19:10.402,08:19:10.402,0:29.001,0:29.136,0:26.523,,Gabby Chaves,,GTD,,Andretti Autosport,Aston Martin,GF,
94,2,12,1:25.479,0,,29.318,0,29.376,0,26.785,0,165.3,20:35.881,08:20:35.881,0:29.318,0:29.376,0:26.785,,Gabby Chaves,,GTD,,Andretti Autosport,Aston Martin,FF,
96,1,1,2:35.852,0,,1:26.387,0,36.042,0,33.423,0,90.7,2:35.852,08:02:35.852,1:26.387,0:36.042,0:33.423,,Patrick Gallagher,0:00:52.376,GTD,,Turner Motorsport,BMW,GF,
96,1,2,1:33.402,0,,32.847,0,31.954,0,28.601,0,151.3,4:09.254,08:04:09.254,0:32.847,0:31.954,0:28.601,,Patrick Gallagher,,GTD,,Turner Motorsport,BMW,GF,
96,1,3,1:32.972,0,,33.801,0,31.631,0,27.540,0,152.0,5:42.226,08:05:42.226,0:33.801,0:31.631,0:27.540,,Patrick Gallagher,,GTD,,Turner Motorsport,BMW,GF,
96,1,4,1:29.819,0,,29.896,0,31.061,0,28.862,0,157.3,7:12.045,08:07:12.045,0:29.896,0:31.061,0:28.862,,Patrick Gallagher,,GTD,,Turner Motorsport,BMW,GF,
96,1,5,1:28.102,0,,30.671,0,29.958,0,27.473,0,160.4,8:40.147,08:08:40.147,0:30.671,0:29.958,0:27.473,,Patrick Gallagher,,GTD,,Turner Motorsport,BMW,GF,
96,1,6,1:26.104,0,,29.425,0,30.027,0,26.652,0,164.1,10:06.251,08:10:06.251,0:29.425,0:30.027,0:26.652,,Patrick Gallagher,,GTD,,Turner Motorsport,BMW,GF,
96,1,7,1:25.240,0,,29.572,0,29.179,1,26.489,1,165.8,11:31.491,08:11:31.491,0:29.572,0:29.179,0:26.489,,Patrick Gallagher,,GTD,,Turner Motorsport,BMW,GF,
96,1,8,2:11.837,0,B,28.969,2,29.207,0,1:13.661,0,107.2,13:43.328,08:13:43.328,0:28.969,0:29.207,1:13.661,,Patrick Gallagher,,GTD,,Turner Motorsport,BMW,GF,
96,2,9,1:45.527,0,,49.288,0,29.708,0,26.531,0,133.9,15:28.855,08:15:28.855,0:49.288,0:29.708,0:26.531,,Robby Foley,0:01:18.263,GTD,,Turner Motorsport,BMW,GF,
96,2,10,1:24.612,0,,29.027,0,29.046,0,26.539,0,167.0,16:53.467,08:16:53.467,0:29.027,0:29.046,0:26.539,,Robby Foley,,GTD,,Turner Motorsport,BMW,GF,
96,2,11,1:24.375,0,,28.978,0,29.006,0,26.391,0,167.5,18:17.842,08:18:17.842,0:28.978,0:29.006,0:26.391,,Robby Foley,,GTD,,Turner Motorsport,BMW,GF,
96,2,12,1:24.260,0,,29.105,0,28.919,0,26.236,2,167.7,19:42.102,08:19:42.102,0:29.105,0:28.919,0:26.236,,Robby Foley,,GTD,,Turner Motorsport,BMW,GF,
96,2,13,1:24.219,2,,28.975,1,28.858,2,26.386,0,167.8,21:06.321,08:21:06.321,0:28.975,0:28.858,0:26.386,,Robby Foley,,GTD,,Turner Motorsport,BMW,FF,
97,2,1,4:13.258,0,B,2:08.446,0,42.385,1,1:22.427,0,55.8,4:13.258,08:04:13.258,2:08.446,0:42.385,1:22.427,,Chandler Hull,0:01:28.254,GTD,,Turner Motorsport,BMW,GF,
97,1,2,3:02.546,0,B,59.280,0,37.415,0,1:25.851,0,77.4,7:15.804,08:07:15.804,0:59.280,0:37.415,1:25.851,,Bill Auberlen,0:01:18.691,GTD,,Turner Motorsport,BMW,GF,
97,1,3,1:55.186,0,,53.691,0,33.173,0,28.322,0,122.7,9:10.990,08:09:10.990,0:53.691,0:33.173,0:28.322,,Bill Auberlen,0:01:26.961,GTD,,Turner Motorsport,BMW,GF,
97,1,4,1:27.428,0,,30.550,0,29.998,0,26.880,0,161.6,10:38.418,08:10:38.418,0:30.550,0:29.998,0:26.880,,Bill Auberlen,,GTD,,Turner Motorsport,BMW,GF,
97,1,5,1:25.033,0,,29.361,0,29.110,0,26.562,2,166.2,12:03.451,08:12:03.451,0:29.361,0:29.110,0:26.562,,Bill Auberlen,,GTD,,Turner Motorsport,BMW,GF,
97,1,6,1:24.878,0,,29.204,0,28.904,2,26.770,0,166.5,13:28.329,08:13:28.329,0:29.204,0:28.904,0:26.770,,Bill Auberlen,,GTD,,Turner Motorsport,BMW,GF,
97,1,7,1:24.737,2,,28.993,2,29.109,0,26.635,0,166.8,14:53.066,08:14:53.066,0:28.993,0:29.109,0:26.635,,Bill Auberlen,,GTD,,Turner Motorsport,BMW,GF,
97,1,8,1:24.810,0,,29.075,0,29.022,0,26.713,0,166.6,16:17.876,08:16:17.876,0:29.075,0:29.022,0:26.713,,Bill Auberlen,,GTD,,Turner Motorsport,BMW,GF,
97,1,9,1:24.859,0,,29.156,0,29.077,0,26.626,0,166.5,17:42.735,08:17:42.735,0:29.156,0:29.077,0:26.626,,Bill Auberlen,,GTD,,Turner Motorsport,BMW,GF,
97,1,10,1:26.862,0,,29.838,0,30.242,0,26.782,0,162.7,19:09.597,08:19:09.597,0:29.838,0:30.242,0:26.782,,Bill Auberlen,,GTD,,Turner Motorsport,BMW,GF,
97,1,11,1:25.252,0,,29.438,0,29.223,0,26.591,0,165.8,20:34.849,08:20:34.849,0:29.438,0:29.223,0:26.591,,Bill Auberlen,,GTD,,Turner Motorsport,BMW,FF,
