NUMBER, DRIVER_NUMBER, LAP_NUMBER, LAP_TIME, LAP_IMPROVEMENT, CROSSING_FINISH_LINE_IN_PIT, S1, S1_IMPROVEMENT, S2, S2_IMPROVEMENT, S3, S3_IMPROVEMENT, KPH, ELAPSED, HOUR,S1_LARGE,S2_LARGE,S3_LARGE,TOP_SPEED,DRIVER_NAME,PIT_TIME,CLASS,GROUP,TEAM,MANUFACTURER,
01,2,1,52:29.161,0,,50:55.956,0,58.851,0,34.354,0,6.5,52:29.161,15:52:29.161,50:55.956,0:58.851,0:34.354,,Kevin Magnussen,0:50:36.958,DPi,,Cadillac Chip Ganassi Racing,Cadillac,
01,2,2,1:36.932,0,,23.639,0,45.263,0,28.030,0,212.8,54:06.093,15:54:06.093,0:23.639,0:45.263,0:28.030,,Kevin Magnussen,,DPi,,Cadillac Chip Ganassi Racing,Cadillac,
01,2,3,1:40.894,0,,23.476,0,48.430,0,28.988,0,204.4,55:46.987,15:55:46.987,0:23.476,0:48.430,0:28.988,,Kevin Magnussen,,DPi,,Cadillac Chip Ganassi Racing,Cadillac,
01,2,4,1:34.528,0,,22.616,2,44.095,2,27.817,0,218.2,57:21.515,15:57:21.515,0:22.616,0:44.095,0:27.817,,Kevin Magnussen,,DPi,,Cadillac Chip Ganassi Racing,Cadillac,
01,2,5,1:38.800,0,,25.081,0,45.441,0,28.278,0,208.8,59:00.315,15:59:00.315,0:25.081,0:45.441,0:28.278,,Kevin Magnussen,,DPi,,Cadillac Chip Ganassi Racing,Cadillac,
01,2,6,1:46.104,0,,27.934,0,48.956,0,29.214,0,194.4,1:00:46.419,16:00:46.419,0:27.934,0:48.956,0:29.214,,Kevin Magnussen,,DPi,,Cadillac Chip Ganassi Racing,Cadillac,
01,2,7,1:34.514,2,,22.722,0,44.171,0,27.621,0,218.2,1:02:20.933,16:02:20.933,0:22.722,0:44.171,0:27.621,,Kevin Magnussen,,DPi,,Cadillac Chip Ganassi Racing,Cadillac,
01,2,8,1:43.925,0,,23.883,0,51.803,0,28.239,0,198.5,1:04:04.858,16:04:04.858,0:23.883,0:51.803,0:28.239,,Kevin Magnussen,,DPi,,Cadillac Chip Ganassi Racing,Cadillac,
01,2,9,1:34.559,0,,22.669,0,44.326,0,27.564,2,218.1,1:05:39.417,16:05:39.417,0:22.669,0:44.326,0:27.564,,Kevin Magnussen,,DPi,,Cadillac Chip Ganassi Racing,Cadillac,
1,2,1,2:39.124,0,,58.010,0,1:03.195,0,37.919,0,129.6,2:39.124,15:02:39.124,0:58.010,1:03.195,0:37.919,,Madison Snow,0:00:35.634,GTD,,Paul Miller Racing,Lamborghini,
1,2,2,2:26.598,0,B,28.328,0,1:01.705,0,56.565,0,140.7,5:05.722,15:05:05.722,0:28.328,1:01.705,0:56.565,,Madison Snow,,GTD,,Paul Miller Racing,Lamborghini,
1,2,3,3:33.615,0,,2:06.581,0,53.302,0,33.732,0,96.6,8:39.337,15:08:39.337,2:06.581,0:53.302,0:33.732,,Madison Snow,0:02:03.930,GTD,,Paul Miller Racing,Lamborghini,
1,2,4,1:49.970,0,,26.099,0,51.331,0,32.540,0,187.6,10:29.307,15:10:29.307,0:26.099,0:51.331,0:32.540,,Madison Snow,,GTD,,Paul Miller Racing,Lamborghini,
1,2,5,1:47.182,2,,25.291,0,49.725,2,32.166,2,192.4,12:16.489,15:12:16.489,0:25.291,0:49.725,0:32.166,,Madison Snow,,GTD,,Paul Miller Racing,Lamborghini,
1,2,6,1:47.718,0,,25.367,0,50.066,0,32.285,0,191.5,14:04.207,15:14:04.207,0:25.367,0:50.066,0:32.285,,Madison Snow,,GTD,,Paul Miller Racing,Lamborghini,
1,2,7,2:04.502,0,B,25.230,2,51.127,0,48.145,0,165.7,16:08.709,15:16:08.709,0:25.230,0:51.127,0:48.145,,Madison Snow,,GTD,,Paul Miller Racing,Lamborghini,
1,2,8,4:13.474,0,B,,0,,0,,0,81.4,20:22.183,15:20:22.183,,,,,Madison Snow,,GTD,,Paul Miller Racing,Lamborghini,
10,2,1,53:03.664,0,,51:30.985,0,1:01.081,0,31.598,0,6.5,53:03.664,15:53:03.664,51:30.985,1:01.081,0:31.598,,Filipe Albuquerque,0:51:09.305,DPi,,Konica Minolta Acura ARX-05,Acura,
10,2,2,1:46.951,0,,26.089,0,49.979,0,30.883,0,192.8,54:50.615,15:54:50.615,0:26.089,0:49.979,0:30.883,,Filipe Albuquerque,,DPi,,Konica Minolta Acura ARX-05,Acura,
10,2,3,1:36.504,0,,23.458,0,44.732,0,28.314,0,213.7,56:27.119,15:56:27.119,0:23.458,0:44.732,0:28.314,,Filipe Albuquerque,,DPi,,Konica Minolta Acura ARX-05,Acura,
10,2,4,1:34.915,0,,22.885,0,44.237,2,27.793,0,217.3,58:02.034,15:58:02.034,0:22.885,0:44.237,0:27.793,,Filipe Albuquerque,,DPi,,Konica Minolta Acura ARX-05,Acura,
10,2,5,1:37.556,0,,23.109,0,45.772,0,28.675,0,211.4,59:39.590,15:59:39.590,0:23.109,0:45.772,0:28.675,,Filipe Albuquerque,,DPi,,Konica Minolta Acura ARX-05,Acura,
10,2,6,1:35.356,0,,22.912,0,44.420,0,28.024,0,216.3,1:01:14.946,16:01:14.946,0:22.912,0:44.420,0:28.024,,Filipe Albuquerque,,DPi,,Konica Minolta Acura ARX-05,Acura,
10,2,7,1:34.929,0,,22.769,0,44.457,0,27.703,0,217.3,1:02:49.875,16:02:49.875,0:22.769,0:44.457,0:27.703,,Filipe Albuquerque,,DPi,,Konica Minolta Acura ARX-05,Acura,
10,2,8,1:34.779,0,,22.791,0,44.375,0,27.613,0,217.6,1:04:24.654,16:04:24.654,0:22.791,0:44.375,0:27.613,,Filipe Albuquerque,,DPi,,Konica Minolta Acura ARX-05,Acura,
10,2,9,1:34.706,2,,22.766,2,44.347,0,27.593,2,217.8,1:05:59.360,16:05:59.360,0:22.766,0:44.347,0:27.593,,Filipe Albuquerque,,DPi,,Konica Minolta Acura ARX-05,Acura,
11,1,1,52:20.275,0,,50:51.417,0,56.506,0,32.352,0,6.6,52:20.275,15:52:20.275,50:51.417,0:56.506,0:32.352,,Steven Thomas,0:50:29.837,LMP2,,WIN Autosport,ORECA,
11,1,2,1:45.604,0,,26.451,0,48.663,0,30.490,0,195.3,54:05.879,15:54:05.879,0:26.451,0:48.663,0:30.490,,Steven Thomas,,LMP2,,WIN Autosport,ORECA,
11,1,3,1:43.660,0,,25.761,0,47.750,0,30.149,0,199.0,55:49.539,15:55:49.539,0:25.761,0:47.750,0:30.149,,Steven Thomas,,LMP2,,WIN Autosport,ORECA,
11,1,4,1:40.540,0,,24.422,0,46.382,0,29.736,0,205.1,57:30.079,15:57:30.079,0:24.422,0:46.382,0:29.736,,Steven Thomas,,LMP2,,WIN Autosport,ORECA,
11,1,5,1:39.341,0,,23.970,0,45.807,2,29.564,0,207.6,59:09.420,15:59:09.420,0:23.970,0:45.807,0:29.564,,Steven Thomas,,LMP2,,WIN Autosport,ORECA,
11,1,6,1:39.536,0,,23.961,0,45.926,0,29.649,0,207.2,1:00:48.956,16:00:48.956,0:23.961,0:45.926,0:29.649,,Steven Thomas,,LMP2,,WIN Autosport,ORECA,
11,1,7,1:40.282,0,,23.973,0,46.270,0,30.039,0,205.7,1:02:29.238,16:02:29.238,0:23.973,0:46.270,0:30.039,,Steven Thomas,,LMP2,,WIN Autosport,ORECA,
11,1,8,1:39.332,2,,23.695,0,46.188,0,29.449,2,207.6,1:04:08.570,16:04:08.570,0:23.695,0:46.188,0:29.449,,Steven Thomas,,LMP2,,WIN Autosport,ORECA,
11,1,9,1:41.053,0,,23.672,2,46.375,0,31.006,0,204.1,1:05:49.623,16:05:49.623,0:23.672,0:46.375,0:31.006,,Steven Thomas,,LMP2,,WIN Autosport,ORECA,
111,1,1,3:35.250,0,B,1:32.448,0,1:07.890,0,54.912,0,95.8,3:35.250,15:03:35.250,1:32.448,1:07.890,0:54.912,,Rolf Ineichen,0:01:08.049,GTD,,GRT Grasser Racing Team,Lamborghini,
111,1,2,5:10.850,0,,3:41.974,0,54.783,0,34.093,0,66.4,8:46.100,15:08:46.100,3:41.974,0:54.783,0:34.093,,Rolf Ineichen,0:03:35.510,GTD,,GRT Grasser Racing Team,Lamborghini,
111,1,3,1:49.011,0,,25.528,0,50.306,0,33.177,0,189.2,10:35.111,15:10:35.111,0:25.528,0:50.306,0:33.177,,Rolf Ineichen,,GTD,,GRT Grasser Racing Team,Lamborghini,
111,1,4,1:47.546,2,,25.058,2,49.629,2,32.859,2,191.8,12:22.657,15:12:22.657,0:25.058,0:49.629,0:32.859,,Rolf Ineichen,,GTD,,GRT Grasser Racing Team,Lamborghini,
111,1,5,1:50.803,0,,25.958,0,51.664,0,33.181,0,186.1,14:13.460,15:14:13.460,0:25.958,0:51.664,0:33.181,,Rolf Ineichen,,GTD,,GRT Grasser Racing Team,Lamborghini,
111,1,6,2:06.227,0,B,25.153,0,50.707,0,50.367,0,163.4,16:19.687,15:16:19.687,0:25.153,0:50.707,0:50.367,,Rolf Ineichen,,GTD,,GRT Grasser Racing Team,Lamborghini,
111,1,7,4:13.253,0,B,,0,,0,,0,81.4,20:32.940,15:20:32.940,,,,,Rolf Ineichen,,GTD,,GRT Grasser Racing Team,Lamborghini,
12,2,1,7:55.003,0,B,2:17.392,0,1:01.770,0,4:35.841,0,43.4,7:55.003,15:07:55.003,2:17.392,1:01.770,4:35.841,,Robert Megennis,0:01:54.096,GTD,,VasserSullivan,Lexus,
12,2,2,2:23.189,0,,54.640,0,55.064,0,33.485,0,144.0,10:18.192,15:10:18.192,0:54.640,0:55.064,0:33.485,,Robert Megennis,0:04:26.579,GTD,,VasserSullivan,Lexus,
12,2,3,1:49.072,0,,25.987,0,50.740,0,32.345,2,189.1,12:07.264,15:12:07.264,0:25.987,0:50.740,0:32.345,,Robert Megennis,,GTD,,VasserSullivan,Lexus,
12,2,4,1:48.373,0,,25.680,0,50.210,0,32.483,0,190.3,13:55.637,15:13:55.637,0:25.680,0:50.210,0:32.483,,Robert Megennis,,GTD,,VasserSullivan,Lexus,
12,2,5,1:48.095,2,,25.438,2,50.062,2,32.595,0,190.8,15:43.732,15:15:43.732,0:25.438,0:50.062,0:32.595,,Robert Megennis,,GTD,,VasserSullivan,Lexus,
14,1,1,7:45.762,0,B,2:13.766,0,1:01.399,0,4:30.597,0,44.3,7:45.762,15:07:45.762,2:13.766,1:01.399,4:30.597,,Aaron Telitz,0:01:51.572,GTD,,VasserSullivan,Lexus,
14,1,2,2:21.374,0,,53.193,0,54.530,0,33.651,0,145.9,10:07.136,15:10:07.136,0:53.193,0:54.530,0:33.651,,Aaron Telitz,0:04:19.678,GTD,,VasserSullivan,Lexus,
14,1,3,1:50.411,0,,26.443,0,51.233,0,32.735,0,186.8,11:57.547,15:11:57.547,0:26.443,0:51.233,0:32.735,,Aaron Telitz,,GTD,,VasserSullivan,Lexus,
14,1,4,1:49.284,0,,25.524,0,51.070,0,32.690,0,188.7,13:46.831,15:13:46.831,0:25.524,0:51.070,0:32.690,,Aaron Telitz,,GTD,,VasserSullivan,Lexus,
14,1,5,1:48.208,2,,25.460,2,50.391,2,32.357,2,190.6,15:35.039,15:15:35.039,0:25.460,0:50.391,0:32.357,,Aaron Telitz,,GTD,,VasserSullivan,Lexus,
16,1,1,3:08.591,0,,1:09.727,0,1:21.353,0,37.511,0,109.4,3:08.591,15:03:08.591,1:09.727,1:21.353,0:37.511,,Ryan Hardwick,0:00:46.806,GTD,,Wright Motorsports,Porsche,
16,1,2,3:34.455,0,B,29.398,0,1:02.878,0,2:02.179,0,96.2,6:43.046,15:06:43.046,0:29.398,1:02.878,2:02.179,,Ryan Hardwick,,GTD,,Wright Motorsports,Porsche,
16,1,3,2:19.972,0,,50.107,0,55.006,0,34.859,0,147.4,9:03.018,15:09:03.018,0:50.107,0:55.006,0:34.859,,Ryan Hardwick,0:01:47.394,GTD,,Wright Motorsports,Porsche,
16,1,4,1:48.076,0,,25.715,0,49.963,0,32.398,0,190.8,10:51.094,15:10:51.094,0:25.715,0:49.963,0:32.398,,Ryan Hardwick,,GTD,,Wright Motorsports,Porsche,
16,1,5,1:55.642,0,,26.380,0,56.568,0,32.694,0,178.4,12:46.736,15:12:46.736,0:26.380,0:56.568,0:32.694,,Ryan Hardwick,,GTD,,Wright Motorsports,Porsche,
16,1,6,1:47.047,0,,25.359,0,49.584,0,32.104,2,192.7,14:33.783,15:14:33.783,0:25.359,0:49.584,0:32.104,,Ryan Hardwick,,GTD,,Wright Motorsports,Porsche,
16,1,7,1:46.831,2,,25.115,2,49.483,2,32.233,0,193.1,16:20.614,15:16:20.614,0:25.115,0:49.483,0:32.233,,Ryan Hardwick,,GTD,,Wright Motorsports,Porsche,
18,1,1,53:20.434,0,,51:36.155,0,1:05.890,0,38.389,0,6.4,53:20.434,15:53:20.434,51:36.155,1:05.890,0:38.389,,Dwight Merriman,0:51:14.366,LMP2,,Era Motorsport,ORECA,
18,1,2,1:46.453,0,,26.591,0,48.964,0,30.898,0,193.8,55:06.887,15:55:06.887,0:26.591,0:48.964,0:30.898,,Dwight Merriman,,LMP2,,Era Motorsport,ORECA,
18,1,3,1:43.631,0,,25.774,0,47.725,0,30.132,0,199.0,56:50.518,15:56:50.518,0:25.774,0:47.725,0:30.132,,Dwight Merriman,,LMP2,,Era Motorsport,ORECA,
18,1,4,1:41.393,0,,24.515,0,47.069,0,29.809,0,203.4,58:31.911,15:58:31.911,0:24.515,0:47.069,0:29.809,,Dwight Merriman,,LMP2,,Era Motorsport,ORECA,
18,1,5,1:40.515,2,,24.278,2,46.609,0,29.628,0,205.2,1:00:12.426,16:00:12.426,0:24.278,0:46.609,0:29.628,,Dwight Merriman,,LMP2,,Era Motorsport,ORECA,
18,1,6,1:40.797,0,,24.720,0,46.545,2,29.532,2,204.6,1:01:53.223,16:01:53.223,0:24.720,0:46.545,0:29.532,,Dwight Merriman,,LMP2,,Era Motorsport,ORECA,
18,1,7,1:40.819,0,,24.430,0,46.771,0,29.618,0,204.6,1:03:34.042,16:03:34.042,0:24.430,0:46.771,0:29.618,,Dwight Merriman,,LMP2,,Era Motorsport,ORECA,
18,1,8,1:42.095,0,,24.446,0,47.844,0,29.805,0,202.0,1:05:16.137,16:05:16.137,0:24.446,0:47.844,0:29.805,,Dwight Merriman,,LMP2,,Era Motorsport,ORECA,
19,1,1,2:55.193,0,,1:14.351,0,1:03.378,0,37.464,0,117.7,2:55.193,15:02:55.193,1:14.351,1:03.378,0:37.464,,Misha Goikhberg,0:00:52.360,GTD,,GRT Grasser Racing Team,Lamborghini,
19,1,2,2:45.127,0,B,31.374,0,1:09.356,0,1:04.397,0,124.9,5:40.320,15:05:40.320,0:31.374,1:09.356,1:04.397,,Misha Goikhberg,,GTD,,GRT Grasser Racing Team,Lamborghini,
19,1,3,3:18.550,0,,1:50.380,0,54.003,0,34.167,0,103.9,8:58.870,15:08:58.870,1:50.380,0:54.003,0:34.167,,Misha Goikhberg,0:01:47.544,GTD,,GRT Grasser Racing Team,Lamborghini,
19,1,4,1:51.593,0,,26.829,0,51.771,0,32.993,0,184.8,10:50.463,15:10:50.463,0:26.829,0:51.771,0:32.993,,Misha Goikhberg,,GTD,,GRT Grasser Racing Team,Lamborghini,
19,1,5,1:49.211,0,,25.421,2,50.527,0,33.263,0,188.9,12:39.674,15:12:39.674,0:25.421,0:50.527,0:33.263,,Misha Goikhberg,,GTD,,GRT Grasser Racing Team,Lamborghini,
19,1,6,1:49.412,0,,25.635,0,50.050,2,33.727,0,188.5,14:29.086,15:14:29.086,0:25.635,0:50.050,0:33.727,,Misha Goikhberg,,GTD,,GRT Grasser Racing Team,Lamborghini,
19,1,7,1:48.575,2,,25.676,0,50.065,0,32.834,2,190.0,16:17.661,15:16:17.661,0:25.676,0:50.065,0:32.834,,Misha Goikhberg,,GTD,,GRT Grasser Racing Team,Lamborghini,
19,1,8,2:23.832,0,B,27.239,0,56.551,0,1:00.042,0,143.4,18:41.493,15:18:41.493,0:27.239,0:56.551,1:00.042,,Misha Goikhberg,,GTD,,GRT Grasser Racing Team,Lamborghini,
19,1,9,2:28.577,0,B,,0,,0,,0,138.8,21:10.070,15:21:10.070,,,,,Misha Goikhberg,,GTD,,GRT Grasser Racing Team,Lamborghini,
20,1,1,52:13.619,0,,50:48.124,0,53.879,0,31.616,0,6.6,52:13.619,15:52:13.619,50:48.124,0:53.879,0:31.616,,Dennis Andersen,0:50:27.847,LMP2,,High Class Racing,ORECA,
20,1,2,1:42.364,0,,24.939,0,47.536,0,29.889,0,201.5,53:55.983,15:53:55.983,0:24.939,0:47.536,0:29.889,,Dennis Andersen,,LMP2,,High Class Racing,ORECA,
20,1,3,1:40.268,0,,24.414,0,46.370,0,29.484,0,205.7,55:36.251,15:55:36.251,0:24.414,0:46.370,0:29.484,,Dennis Andersen,,LMP2,,High Class Racing,ORECA,
20,1,4,1:39.066,0,,23.542,0,45.971,0,29.553,0,208.2,57:15.317,15:57:15.317,0:23.542,0:45.971,0:29.553,,Dennis Andersen,,LMP2,,High Class Racing,ORECA,
20,1,5,1:38.532,2,,23.686,0,45.699,2,29.147,0,209.3,58:53.849,15:58:53.849,0:23.686,0:45.699,0:29.147,,Dennis Andersen,,LMP2,,High Class Racing,ORECA,
20,1,6,1:39.200,0,,24.084,0,45.930,0,29.186,0,207.9,1:00:33.049,16:00:33.049,0:24.084,0:45.930,0:29.186,,Dennis Andersen,,LMP2,,High Class Racing,ORECA,
20,1,7,1:39.020,0,,24.076,0,45.798,0,29.146,2,208.3,1:02:12.069,16:02:12.069,0:24.076,0:45.798,0:29.146,,Dennis Andersen,,LMP2,,High Class Racing,ORECA,
20,1,8,1:38.706,0,,23.603,0,45.953,0,29.150,0,209.0,1:03:50.775,16:03:50.775,0:23.603,0:45.953,0:29.150,,Dennis Andersen,,LMP2,,High Class Racing,ORECA,
20,1,9,1:38.774,0,,23.520,2,46.049,0,29.205,0,208.8,1:05:29.549,16:05:29.549,0:23.520,0:46.049,0:29.205,,Dennis Andersen,,LMP2,,High Class Racing,ORECA,
21,1,1,2:46.223,0,,56.325,0,1:09.488,0,40.410,0,124.1,2:46.223,15:02:46.223,0:56.325,1:09.488,0:40.410,,Simon Mann,0:00:32.953,GTD,,Af Corse,Ferrari,
21,1,2,2:44.437,0,B,31.757,0,1:11.189,0,1:01.491,0,125.4,5:30.660,15:05:30.660,0:31.757,1:11.189,1:01.491,,Simon Mann,,GTD,,Af Corse,Ferrari,
21,1,3,3:10.844,0,,1:40.184,0,55.894,0,34.766,0,108.1,8:41.504,15:08:41.504,1:40.184,0:55.894,0:34.766,,Simon Mann,0:01:34.132,GTD,,Af Corse,Ferrari,
21,1,4,1:47.976,0,,25.868,0,49.845,0,32.263,0,191.0,10:29.480,15:10:29.480,0:25.868,0:49.845,0:32.263,,Simon Mann,,GTD,,Af Corse,Ferrari,
21,1,5,1:47.749,0,,25.667,0,49.736,0,32.346,0,191.4,12:17.229,15:12:17.229,0:25.667,0:49.736,0:32.346,,Simon Mann,,GTD,,Af Corse,Ferrari,
21,1,6,1:47.928,0,,25.505,0,50.099,0,32.324,0,191.1,14:05.157,15:14:05.157,0:25.505,0:50.099,0:32.324,,Simon Mann,,GTD,,Af Corse,Ferrari,
21,1,7,1:47.095,2,,25.246,2,49.642,2,32.207,2,192.6,15:52.252,15:15:52.252,0:25.246,0:49.642,0:32.207,,Simon Mann,,GTD,,Af Corse,Ferrari,
21,1,8,2:29.419,0,B,28.109,0,1:01.242,0,1:00.068,0,138.0,18:21.671,15:18:21.671,0:28.109,1:01.242,1:00.068,,Simon Mann,,GTD,,Af Corse,Ferrari,
21,1,9,2:13.744,0,B,,0,,0,,0,154.2,20:35.415,15:20:35.415,,,,,Simon Mann,,GTD,,Af Corse,Ferrari,
23,1,1,2:40.666,0,,1:00.203,0,1:03.296,0,37.167,0,128.4,2:40.666,15:02:40.666,1:00.203,1:03.296,0:37.167,,Ian James,0:00:37.883,GTD,,Heart Of Racing Team,Aston Martin,
23,1,2,2:33.701,0,B,29.666,0,1:03.377,0,1:00.658,0,134.2,5:14.367,15:05:14.367,0:29.666,1:03.377,1:00.658,,Ian James,,GTD,,Heart Of Racing Team,Aston Martin,
23,1,3,3:31.741,0,,2:04.725,0,53.411,0,33.605,0,97.4,8:46.108,15:08:46.108,2:04.725,0:53.411,0:33.605,,Ian James,0:02:02.742,GTD,,Heart Of Racing Team,Aston Martin,
23,1,4,1:49.180,0,,25.859,0,50.750,0,32.571,0,188.9,10:35.288,15:10:35.288,0:25.859,0:50.750,0:32.571,,Ian James,,GTD,,Heart Of Racing Team,Aston Martin,
23,1,5,1:47.224,2,,25.374,0,49.717,2,32.133,2,192.4,12:22.512,15:12:22.512,0:25.374,0:49.717,0:32.133,,Ian James,,GTD,,Heart Of Racing Team,Aston Martin,
23,1,6,1:48.035,0,,25.381,0,50.109,0,32.545,0,190.9,14:10.547,15:14:10.547,0:25.381,0:50.109,0:32.545,,Ian James,,GTD,,Heart Of Racing Team,Aston Martin,
23,1,7,2:05.468,0,B,25.293,2,51.312,0,48.863,0,164.4,16:16.015,15:16:16.015,0:25.293,0:51.312,0:48.863,,Ian James,,GTD,,Heart Of Racing Team,Aston Martin,
23,1,8,3:37.462,0,B,,0,,0,,0,94.8,19:53.477,15:19:53.477,,,,,Ian James,,GTD,,Heart Of Racing Team,Aston Martin,
24,2,1,2:45.948,0,,1:09.807,0,1:02.366,0,33.775,0,124.3,2:45.948,15:02:45.948,1:09.807,1:02.366,0:33.775,,Marco Wittmann,0:00:47.767,GTLM,,BMW Team RLL,BMW,
24,2,2,3:47.815,0,B,29.893,0,1:11.308,0,2:06.614,0,90.5,6:33.763,15:06:33.763,0:29.893,1:11.308,2:06.614,,Marco Wittmann,,GTLM,,BMW Team RLL,BMW,
24,2,3,2:17.967,0,,52.438,0,53.164,0,32.365,0,149.5,8:51.730,15:08:51.730,0:52.438,0:53.164,0:32.365,,Marco Wittmann,0:01:54.974,GTLM,,BMW Team RLL,BMW,
24,2,4,1:45.655,0,,25.567,0,48.657,0,31.431,0,195.2,10:37.385,15:10:37.385,0:25.567,0:48.657,0:31.431,,Marco Wittmann,,GTLM,,BMW Team RLL,BMW,
24,2,5,1:42.980,2,,24.272,2,48.045,0,30.663,0,200.3,12:20.365,15:12:20.365,0:24.272,0:48.045,0:30.663,,Marco Wittmann,,GTLM,,BMW Team RLL,BMW,
24,2,6,1:43.254,0,,24.532,0,47.862,2,30.860,0,199.8,14:03.619,15:14:03.619,0:24.532,0:47.862,0:30.860,,Marco Wittmann,,GTLM,,BMW Team RLL,BMW,
24,2,7,1:42.987,0,,24.552,0,47.948,0,30.487,2,200.3,15:46.606,15:15:46.606,0:24.552,0:47.948,0:30.487,,Marco Wittmann,,GTLM,,BMW Team RLL,BMW,
25,2,1,2:45.622,0,,1:07.479,0,1:04.040,0,34.103,0,124.5,2:45.622,15:02:45.622,1:07.479,1:04.040,0:34.103,,Timo Glock,0:00:45.007,GTLM,,BMW Team RLL,BMW,
25,2,2,3:46.540,0,B,28.843,0,1:08.575,0,2:09.122,0,91.0,6:32.162,15:06:32.162,0:28.843,1:08.575,2:09.122,,Timo Glock,,GTLM,,BMW Team RLL,BMW,
25,2,3,2:15.025,0,,50.396,0,52.234,0,32.395,0,152.8,8:47.187,15:08:47.187,0:50.396,0:52.234,0:32.395,,Timo Glock,0:01:56.535,GTLM,,BMW Team RLL,BMW,
25,2,4,1:45.358,0,,25.182,0,49.076,0,31.100,0,195.8,10:32.545,15:10:32.545,0:25.182,0:49.076,0:31.100,,Timo Glock,,GTLM,,BMW Team RLL,BMW,
25,2,5,1:43.343,2,,24.621,0,47.728,2,30.994,0,199.6,12:15.888,15:12:15.888,0:24.621,0:47.728,0:30.994,,Timo Glock,,GTLM,,BMW Team RLL,BMW,
25,2,6,1:43.602,0,,24.291,2,48.584,0,30.727,2,199.1,13:59.490,15:13:59.490,0:24.291,0:48.584,0:30.727,,Timo Glock,,GTLM,,BMW Team RLL,BMW,
25,2,7,1:43.785,0,,24.367,0,48.386,0,31.032,0,198.7,15:43.275,15:15:43.275,0:24.367,0:48.386,0:31.032,,Timo Glock,,GTLM,,BMW Team RLL,BMW,
29,1,1,52:23.566,0,,50:52.600,0,58.678,0,32.288,0,6.6,52:23.566,15:52:23.566,50:52.600,0:58.678,0:32.288,,Frits Van Eerd,0:50:32.777,LMP2,,Racing Team Nederland,ORECA,
29,1,2,1:45.879,0,,26.835,0,48.963,0,30.081,0,194.8,54:09.445,15:54:09.445,0:26.835,0:48.963,0:30.081,,Frits Van Eerd,,LMP2,,Racing Team Nederland,ORECA,
29,1,3,1:42.028,0,,25.036,0,47.192,0,29.800,0,202.2,55:51.473,15:55:51.473,0:25.036,0:47.192,0:29.800,,Frits Van Eerd,,LMP2,,Racing Team Nederland,ORECA,
29,1,4,1:40.235,0,,24.459,0,46.277,0,29.499,0,205.8,57:31.708,15:57:31.708,0:24.459,0:46.277,0:29.499,,Frits Van Eerd,,LMP2,,Racing Team Nederland,ORECA,
29,1,5,1:40.519,0,,24.794,0,46.288,0,29.437,0,205.2,59:12.227,15:59:12.227,0:24.794,0:46.288,0:29.437,,Frits Van Eerd,,LMP2,,Racing Team Nederland,ORECA,
29,1,6,1:40.063,0,,24.270,0,46.438,0,29.355,0,206.1,1:00:52.290,16:00:52.290,0:24.270,0:46.438,0:29.355,,Frits Van Eerd,,LMP2,,Racing Team Nederland,ORECA,
29,1,7,1:40.355,0,,24.325,0,46.603,0,29.427,0,205.5,1:02:32.645,16:02:32.645,0:24.325,0:46.603,0:29.427,,Frits Van Eerd,,LMP2,,Racing Team Nederland,ORECA,
29,1,8,1:39.783,0,,24.036,0,46.303,0,29.444,0,206.7,1:04:12.428,16:04:12.428,0:24.036,0:46.303,0:29.444,,Frits Van Eerd,,LMP2,,Racing Team Nederland,ORECA,
29,1,9,1:39.424,2,,23.967,2,46.129,2,29.328,2,207.4,1:05:51.852,16:05:51.852,0:23.967,0:46.129,0:29.328,,Frits Van Eerd,,LMP2,,Racing Team Nederland,ORECA,
3,1,1,2:44.844,0,,1:10.929,0,59.200,0,34.715,0,125.1,2:44.844,15:02:44.844,1:10.929,0:59.200,0:34.715,,Jordan Taylor,0:00:50.582,GTLM,,Corvette Racing,Chevrolet,
3,1,2,5:02.705,0,B,27.493,0,59.424,0,3:35.788,0,68.1,7:47.549,15:07:47.549,0:27.493,0:59.424,3:35.788,,Jordan Taylor,,GTLM,,Corvette Racing,Chevrolet,
3,1,3,2:12.730,0,,49.591,0,51.011,0,32.128,0,155.4,10:00.279,15:10:00.279,0:49.591,0:51.011,0:32.128,,Jordan Taylor,0:03:24.657,GTLM,,Corvette Racing,Chevrolet,
3,1,4,1:44.226,0,,24.771,0,48.396,0,31.059,2,197.9,11:44.505,15:11:44.505,0:24.771,0:48.396,0:31.059,,Jordan Taylor,,GTLM,,Corvette Racing,Chevrolet,
3,1,5,1:44.988,0,,24.990,0,48.792,0,31.206,0,196.5,13:29.493,15:13:29.493,0:24.990,0:48.792,0:31.206,,Jordan Taylor,,GTLM,,Corvette Racing,Chevrolet,
3,1,6,1:43.729,2,,24.403,2,48.149,2,31.177,0,198.8,15:13.222,15:15:13.222,0:24.403,0:48.149,0:31.177,,Jordan Taylor,,GTLM,,Corvette Racing,Chevrolet,
31,1,1,53:30.013,0,,52:07.327,0,52.676,0,30.010,0,6.4,53:30.013,15:53:30.013,52:07.327,0:52.676,0:30.010,,Felipe Nasr,0:51:47.032,DPi,,Whelen Engineering Racing,Cadillac,
31,1,2,1:37.197,0,,23.803,0,45.279,0,28.115,0,212.2,55:07.210,15:55:07.210,0:23.803,0:45.279,0:28.115,,Felipe Nasr,,DPi,,Whelen Engineering Racing,Cadillac,
31,1,3,1:39.348,0,,24.782,0,46.461,0,28.105,0,207.6,56:46.558,15:56:46.558,0:24.782,0:46.461,0:28.105,,Felipe Nasr,,DPi,,Whelen Engineering Racing,Cadillac,
31,1,4,1:34.560,0,,22.752,0,44.204,0,27.604,0,218.1,58:21.118,15:58:21.118,0:22.752,0:44.204,0:27.604,,Felipe Nasr,,DPi,,Whelen Engineering Racing,Cadillac,
31,1,5,1:34.311,3,,22.579,2,44.173,2,27.559,2,218.7,59:55.429,15:59:55.429,0:22.579,0:44.173,0:27.559,,Felipe Nasr,,DPi,,Whelen Engineering Racing,Cadillac,
31,1,6,1:41.781,0,,23.875,0,49.707,0,28.199,0,202.6,1:01:37.210,16:01:37.210,0:23.875,0:49.707,0:28.199,,Felipe Nasr,,DPi,,Whelen Engineering Racing,Cadillac,
31,1,7,1:36.433,0,,22.669,0,45.874,0,27.890,0,213.9,1:03:13.643,16:03:13.643,0:22.669,0:45.874,0:27.890,,Felipe Nasr,,DPi,,Whelen Engineering Racing,Cadillac,
33,1,1,27:48.980,0,,26:05.549,0,1:06.792,0,36.639,0,12.4,27:48.980,15:27:48.980,26:05.549,1:06.792,0:36.639,,Lance Willsey,0:25:41.626,LMP3,,Sean Creech Motorsport,Ligier,
33,1,2,2:02.090,0,,30.630,0,56.767,0,34.693,0,168.9,29:51.070,15:29:51.070,0:30.630,0:56.767,0:34.693,,Lance Willsey,,LMP3,,Sean Creech Motorsport,Ligier,
33,1,3,1:54.179,0,,27.997,0,52.608,0,33.574,0,180.6,31:45.249,15:31:45.249,0:27.997,0:52.608,0:33.574,,Lance Willsey,,LMP3,,Sean Creech Motorsport,Ligier,
33,1,4,1:50.349,0,,26.778,0,50.649,0,32.922,0,186.9,33:35.598,15:33:35.598,0:26.778,0:50.649,0:32.922,,Lance Willsey,,LMP3,,Sean Creech Motorsport,Ligier,
33,1,5,1:48.072,0,,25.966,0,49.714,0,32.392,0,190.8,35:23.670,15:35:23.670,0:25.966,0:49.714,0:32.392,,Lance Willsey,,LMP3,,Sean Creech Motorsport,Ligier,
33,1,6,1:47.538,0,,25.634,0,49.740,0,32.164,0,191.8,37:11.208,15:37:11.208,0:25.634,0:49.740,0:32.164,,Lance Willsey,,LMP3,,Sean Creech Motorsport,Ligier,
33,1,7,1:46.826,0,,25.425,2,49.382,0,32.019,0,193.1,38:58.034,15:38:58.034,0:25.425,0:49.382,0:32.019,,Lance Willsey,,LMP3,,Sean Creech Motorsport,Ligier,
33,1,8,1:46.721,2,,25.792,0,49.080,2,31.849,2,193.3,40:44.755,15:40:44.755,0:25.792,0:49.080,0:31.849,,Lance Willsey,,LMP3,,Sean Creech Motorsport,Ligier,
38,1,1,27:48.019,0,,26:06.358,0,1:03.811,0,37.850,0,12.4,27:48.019,15:27:48.019,26:06.358,1:03.811,0:37.850,,Rasmus Lindh,0:25:42.422,LMP3,,Performance Tech Motorsports,Ligier,
38,1,2,2:01.017,0,,30.967,0,55.602,0,34.448,0,170.4,29:49.036,15:29:49.036,0:30.967,0:55.602,0:34.448,,Rasmus Lindh,,LMP3,,Performance Tech Motorsports,Ligier,
38,1,3,1:52.223,0,,27.716,0,,0,,0,183.8,31:41.259,15:31:41.259,0:27.716,,,,Rasmus Lindh,,LMP3,,Performance Tech Motorsports,Ligier,
38,1,4,1:47.560,0,,25.630,0,49.628,0,32.302,0,191.8,33:28.819,15:33:28.819,0:25.630,0:49.628,0:32.302,,Rasmus Lindh,,LMP3,,Performance Tech Motorsports,Ligier,
38,1,5,1:44.922,0,,24.807,0,48.704,0,31.411,0,196.6,35:13.741,15:35:13.741,0:24.807,0:48.704,0:31.411,,Rasmus Lindh,,LMP3,,Performance Tech Motorsports,Ligier,
38,1,6,1:44.245,0,,24.302,0,48.597,0,31.346,0,197.9,36:57.986,15:36:57.986,0:24.302,0:48.597,0:31.346,,Rasmus Lindh,,LMP3,,Performance Tech Motorsports,Ligier,
38,1,7,1:43.676,2,,24.169,2,48.272,0,31.235,2,198.9,38:41.662,15:38:41.662,0:24.169,0:48.272,0:31.235,,Rasmus Lindh,,LMP3,,Performance Tech Motorsports,Ligier,
4,2,1,2:44.747,0,,1:09.774,0,59.923,0,35.050,0,125.2,2:44.747,15:02:44.747,1:09.774,0:59.923,0:35.050,,Alexander Sims,0:00:48.467,GTLM,,Corvette Racing,Chevrolet,
4,2,2,4:02.743,0,B,28.567,0,1:04.078,0,2:30.098,0,85.0,6:47.490,15:06:47.490,0:28.567,1:04.078,2:30.098,,Alexander Sims,,GTLM,,Corvette Racing,Chevrolet,
4,2,3,2:21.608,0,,49.676,0,52.589,0,39.343,0,145.7,9:09.098,15:09:09.098,0:49.676,0:52.589,0:39.343,,Alexander Sims,0:02:18.179,GTLM,,Corvette Racing,Chevrolet,
4,2,4,1:44.240,0,,24.808,0,48.589,0,30.843,2,197.9,10:53.338,15:10:53.338,0:24.808,0:48.589,0:30.843,,Alexander Sims,,GTLM,,Corvette Racing,Chevrolet,
4,2,5,1:45.674,0,,24.467,0,48.884,0,32.323,0,195.2,12:39.012,15:12:39.012,0:24.467,0:48.884,0:32.323,,Alexander Sims,,GTLM,,Corvette Racing,Chevrolet,
4,2,6,1:43.968,0,,24.516,0,48.473,0,30.979,0,198.4,14:22.980,15:14:22.980,0:24.516,0:48.473,0:30.979,,Alexander Sims,,GTLM,,Corvette Racing,Chevrolet,
4,2,7,1:43.631,2,,24.169,2,48.155,2,31.307,0,199.0,16:06.611,15:16:06.611,0:24.169,0:48.155,0:31.307,,Alexander Sims,,GTLM,,Corvette Racing,Chevrolet,
42,2,1,9:18.399,0,,7:45.439,0,58.217,0,34.743,0,36.9,9:18.399,15:09:18.399,7:45.439,0:58.217,0:34.743,,Andrew Davis,0:07:24.540,GTD,,NTE Sport,Audi,
42,2,2,1:51.145,0,,26.839,0,51.253,0,33.053,0,185.6,11:09.544,15:11:09.544,0:26.839,0:51.253,0:33.053,,Andrew Davis,,GTD,,NTE Sport,Audi,
42,2,3,1:50.536,0,,25.940,0,51.344,0,33.252,0,186.6,13:00.080,15:13:00.080,0:25.940,0:51.344,0:33.252,,Andrew Davis,,GTD,,NTE Sport,Audi,
42,2,4,1:48.685,0,,25.485,0,50.338,0,32.862,0,189.8,14:48.765,15:14:48.765,0:25.485,0:50.338,0:32.862,,Andrew Davis,,GTD,,NTE Sport,Audi,
42,2,5,1:48.336,2,,25.438,2,50.260,2,32.638,2,190.4,16:37.101,15:16:37.101,0:25.438,0:50.260,0:32.638,,Andrew Davis,,GTD,,NTE Sport,Audi,
42,2,6,2:08.672,0,B,25.771,0,50.925,0,51.976,0,160.3,18:45.773,15:18:45.773,0:25.771,0:50.925,0:51.976,,Andrew Davis,,GTD,,NTE Sport,Audi,
44,1,1,2:51.374,0,,1:05.622,0,1:07.994,0,37.758,0,120.4,2:51.374,15:02:51.374,1:05.622,1:07.994,0:37.758,,John Potter,0:00:42.790,GTD,,Magnus with Archangel,Acura,
44,1,2,3:36.205,0,B,30.533,0,1:10.588,0,1:55.084,0,95.4,6:27.579,15:06:27.579,0:30.533,1:10.588,1:55.084,,John Potter,,GTD,,Magnus with Archangel,Acura,
44,1,3,2:21.308,0,,53.334,0,54.257,0,33.717,0,146.0,8:48.887,15:08:48.887,0:53.334,0:54.257,0:33.717,,John Potter,0:01:40.152,GTD,,Magnus with Archangel,Acura,
44,1,4,1:49.085,0,,26.194,0,50.155,2,32.736,0,189.1,10:37.972,15:10:37.972,0:26.194,0:50.155,0:32.736,,John Potter,,GTD,,Magnus with Archangel,Acura,
44,1,5,1:49.982,0,,25.862,0,51.021,0,33.099,0,187.5,12:27.954,15:12:27.954,0:25.862,0:51.021,0:33.099,,John Potter,,GTD,,Magnus with Archangel,Acura,
44,1,6,1:48.871,0,,26.026,0,50.239,0,32.606,0,189.4,14:16.825,15:14:16.825,0:26.026,0:50.239,0:32.606,,John Potter,,GTD,,Magnus with Archangel,Acura,
44,1,7,1:48.614,2,,25.596,2,50.449,0,32.569,2,189.9,16:05.439,15:16:05.439,0:25.596,0:50.449,0:32.569,,John Potter,,GTD,,Magnus with Archangel,Acura,
47,1,1,52:17.223,0,,50:51.528,0,54.718,0,30.977,0,6.6,52:17.223,15:52:17.223,50:51.528,0:54.718,0:30.977,,Roberto Lacorte,0:50:30.755,LMP2,,Cetilar Racing,Dallara,
47,1,2,1:44.248,0,,25.819,0,48.577,0,29.852,0,197.8,54:01.471,15:54:01.471,0:25.819,0:48.577,0:29.852,,Roberto Lacorte,,LMP2,,Cetilar Racing,Dallara,
47,1,3,1:40.244,0,,24.471,0,46.272,0,29.501,0,205.8,55:41.715,15:55:41.715,0:24.471,0:46.272,0:29.501,,Roberto Lacorte,,LMP2,,Cetilar Racing,Dallara,
47,1,4,1:39.389,0,,24.029,0,45.811,2,29.549,0,207.5,57:21.104,15:57:21.104,0:24.029,0:45.811,0:29.549,,Roberto Lacorte,,LMP2,,Cetilar Racing,Dallara,
47,1,5,1:39.333,0,,23.991,0,45.880,0,29.462,0,207.6,59:00.437,15:59:00.437,0:23.991,0:45.880,0:29.462,,Roberto Lacorte,,LMP2,,Cetilar Racing,Dallara,
47,1,6,1:39.151,0,,23.949,0,45.878,0,29.324,0,208.0,1:00:39.588,16:00:39.588,0:23.949,0:45.878,0:29.324,,Roberto Lacorte,,LMP2,,Cetilar Racing,Dallara,
47,1,7,1:39.087,0,,23.946,0,45.849,0,29.292,0,208.2,1:02:18.675,16:02:18.675,0:23.946,0:45.849,0:29.292,,Roberto Lacorte,,LMP2,,Cetilar Racing,Dallara,
47,1,8,1:38.573,2,,23.700,2,45.863,0,29.010,2,209.2,1:03:57.248,16:03:57.248,0:23.700,0:45.863,0:29.010,,Roberto Lacorte,,LMP2,,Cetilar Racing,Dallara,
47,1,9,1:39.100,0,,24.006,0,45.874,0,29.220,0,208.1,1:05:36.348,16:05:36.348,0:24.006,0:45.874,0:29.220,,Roberto Lacorte,,LMP2,,Cetilar Racing,Dallara,
48,1,1,52:34.549,0,,51:02.694,0,56.109,0,35.746,0,6.5,52:34.549,15:52:34.549,51:02.694,0:56.109,0:35.746,,Jimmie Johnson,0:50:43.719,DPi,,Ally Cadillac Racing,Cadillac,
48,1,2,1:41.623,0,,24.815,0,47.518,0,29.290,0,203.0,54:16.172,15:54:16.172,0:24.815,0:47.518,0:29.290,,Jimmie Johnson,,DPi,,Ally Cadillac Racing,Cadillac,
48,1,3,1:43.424,0,,23.557,0,50.171,0,29.696,0,199.4,55:59.596,15:55:59.596,0:23.557,0:50.171,0:29.696,,Jimmie Johnson,,DPi,,Ally Cadillac Racing,Cadillac,
48,1,4,1:36.135,0,,23.215,0,44.596,2,28.324,0,214.5,57:35.731,15:57:35.731,0:23.215,0:44.596,0:28.324,,Jimmie Johnson,,DPi,,Ally Cadillac Racing,Cadillac,
48,1,5,1:36.261,0,,22.949,0,44.698,0,28.614,0,214.3,59:11.992,15:59:11.992,0:22.949,0:44.698,0:28.614,,Jimmie Johnson,,DPi,,Ally Cadillac Racing,Cadillac,
48,1,6,1:36.651,0,,23.156,0,44.737,0,28.758,0,213.4,1:00:48.643,16:00:48.643,0:23.156,0:44.737,0:28.758,,Jimmie Johnson,,DPi,,Ally Cadillac Racing,Cadillac,
48,1,7,1:35.688,2,,22.904,0,44.752,0,28.032,0,215.5,1:02:24.331,16:02:24.331,0:22.904,0:44.752,0:28.032,,Jimmie Johnson,,DPi,,Ally Cadillac Racing,Cadillac,
48,1,8,1:36.185,0,,22.822,2,45.213,0,28.150,0,214.4,1:04:00.516,16:04:00.516,0:22.822,0:45.213,0:28.150,,Jimmie Johnson,,DPi,,Ally Cadillac Racing,Cadillac,
48,1,9,1:35.904,0,,22.985,0,44.919,0,28.000,2,215.1,1:05:36.420,16:05:36.420,0:22.985,0:44.919,0:28.000,,Jimmie Johnson,,DPi,,Ally Cadillac Racing,Cadillac,
5,1,1,53:10.098,0,,51:32.591,0,1:05.079,0,32.428,0,6.5,53:10.098,15:53:10.098,51:32.591,1:05.079,0:32.428,,Tristan Vautier,0:51:11.532,DPi,,Mustang Sampling / JDC-Miller MotorSports,Cadillac,
5,1,2,1:52.499,0,,25.524,0,55.178,0,31.797,0,183.3,55:02.597,15:55:02.597,0:25.524,0:55.178,0:31.797,,Tristan Vautier,,DPi,,Mustang Sampling / JDC-Miller MotorSports,Cadillac,
5,1,3,1:36.393,0,,23.446,0,44.859,0,28.088,0,214.0,56:38.990,15:56:38.990,0:23.446,0:44.859,0:28.088,,Tristan Vautier,,DPi,,Mustang Sampling / JDC-Miller MotorSports,Cadillac,
5,1,4,1:34.998,0,,22.671,0,44.644,0,27.683,0,217.1,58:13.988,15:58:13.988,0:22.671,0:44.644,0:27.683,,Tristan Vautier,,DPi,,Mustang Sampling / JDC-Miller MotorSports,Cadillac,
5,1,5,1:34.485,2,,22.632,2,44.312,2,27.541,3,218.3,59:48.473,15:59:48.473,0:22.632,0:44.312,0:27.541,,Tristan Vautier,,DPi,,Mustang Sampling / JDC-Miller MotorSports,Cadillac,
5,1,6,1:43.316,0,,22.817,0,52.178,0,28.321,0,199.6,1:01:31.789,16:01:31.789,0:22.817,0:52.178,0:28.321,,Tristan Vautier,,DPi,,Mustang Sampling / JDC-Miller MotorSports,Cadillac,
5,1,7,1:35.028,0,,22.844,0,44.469,0,27.715,0,217.0,1:03:06.817,16:03:06.817,0:22.844,0:44.469,0:27.715,,Tristan Vautier,,DPi,,Mustang Sampling / JDC-Miller MotorSports,Cadillac,
5,1,8,2:08.141,0,B,24.137,0,51.587,0,52.417,0,161.0,1:05:14.958,16:05:14.958,0:24.137,0:51.587,0:52.417,,Tristan Vautier,,DPi,,Mustang Sampling / JDC-Miller MotorSports,Cadillac,
51,2,1,52:16.364,0,,50:49.269,0,55.877,0,31.218,0,6.6,52:16.364,15:52:16.364,50:49.269,0:55.877,0:31.218,,Salih Yoluc,0:50:28.700,LMP2,,RWR-Eurasia,Ligier,
51,2,2,1:43.929,0,,26.439,0,47.902,0,29.588,0,198.5,54:00.293,15:54:00.293,0:26.439,0:47.902,0:29.588,,Salih Yoluc,,LMP2,,RWR-Eurasia,Ligier,
51,2,3,1:39.420,0,,23.984,0,46.145,0,29.291,0,207.5,55:39.713,15:55:39.713,0:23.984,0:46.145,0:29.291,,Salih Yoluc,,LMP2,,RWR-Eurasia,Ligier,
51,2,4,1:39.812,0,,24.693,0,45.908,2,29.211,0,206.6,57:19.525,15:57:19.525,0:24.693,0:45.908,0:29.211,,Salih Yoluc,,LMP2,,RWR-Eurasia,Ligier,
51,2,5,1:39.571,0,,24.088,0,46.278,0,29.205,0,207.1,58:59.096,15:58:59.096,0:24.088,0:46.278,0:29.205,,Salih Yoluc,,LMP2,,RWR-Eurasia,Ligier,
51,2,6,2:19.557,0,,1:01.178,0,48.810,0,29.569,0,147.8,1:01:18.653,16:01:18.653,1:01.178,0:48.810,0:29.569,,Salih Yoluc,,LMP2,,RWR-Eurasia,Ligier,
51,2,7,1:40.351,0,,23.897,0,46.925,0,29.529,0,205.5,1:02:59.004,16:02:59.004,0:23.897,0:46.925,0:29.529,,Salih Yoluc,,LMP2,,RWR-Eurasia,Ligier,
51,2,8,1:39.181,2,,23.862,2,46.196,0,29.123,0,208.0,1:04:38.185,16:04:38.185,0:23.862,0:46.196,0:29.123,,Salih Yoluc,,LMP2,,RWR-Eurasia,Ligier,
51,2,9,1:39.500,0,,24.156,0,46.347,0,28.997,2,207.3,1:06:17.685,16:06:17.685,0:24.156,0:46.347,0:28.997,,Salih Yoluc,,LMP2,,RWR-Eurasia,Ligier,
52,1,1,52:42.458,0,,51:08.728,0,56.672,0,37.058,0,6.5,52:42.458,15:52:42.458,51:08.728,0:56.672,0:37.058,,Ben Keating,0:50:47.896,LMP2,,PR1 Mathiasen Motorsports,ORECA,
52,1,2,1:45.190,0,,26.696,0,48.673,0,29.821,0,196.1,54:27.648,15:54:27.648,0:26.696,0:48.673,0:29.821,,Ben Keating,,LMP2,,PR1 Mathiasen Motorsports,ORECA,
52,1,3,1:39.787,0,,24.068,0,46.647,0,29.072,0,206.7,56:07.435,15:56:07.435,0:24.068,0:46.647,0:29.072,,Ben Keating,,LMP2,,PR1 Mathiasen Motorsports,ORECA,
52,1,4,1:39.050,0,,23.719,0,46.335,0,28.996,0,208.2,57:46.485,15:57:46.485,0:23.719,0:46.335,0:28.996,,Ben Keating,,LMP2,,PR1 Mathiasen Motorsports,ORECA,
52,1,5,1:38.161,0,,23.407,0,45.799,0,28.955,0,210.1,59:24.646,15:59:24.646,0:23.407,0:45.799,0:28.955,,Ben Keating,,LMP2,,PR1 Mathiasen Motorsports,ORECA,
52,1,6,1:37.589,0,,23.218,0,45.551,2,28.820,0,211.3,1:01:02.235,16:01:02.235,0:23.218,0:45.551,0:28.820,,Ben Keating,,LMP2,,PR1 Mathiasen Motorsports,ORECA,
52,1,7,1:37.795,0,,23.102,2,45.947,0,28.746,0,210.9,1:02:40.030,16:02:40.030,0:23.102,0:45.947,0:28.746,,Ben Keating,,LMP2,,PR1 Mathiasen Motorsports,ORECA,
52,1,8,1:37.368,2,,23.176,0,45.642,0,28.550,2,211.8,1:04:17.398,16:04:17.398,0:23.176,0:45.642,0:28.550,,Ben Keating,,LMP2,,PR1 Mathiasen Motorsports,ORECA,
52,1,9,1:37.372,0,,23.193,0,45.595,0,28.584,0,211.8,1:05:54.770,16:05:54.770,0:23.193,0:45.595,0:28.584,,Ben Keating,,LMP2,,PR1 Mathiasen Motorsports,ORECA,
54,1,1,28:03.562,0,,26:07.705,0,1:14.949,0,40.908,0,12.3,28:03.562,15:28:03.562,26:07.705,1:14.949,0:40.908,,Jonathan Bennett,0:25:43.517,LMP3,,Core Motorsport,Ligier,
54,1,2,2:08.442,0,,33.352,0,1:00.509,0,34.581,0,160.6,30:12.004,15:30:12.004,0:33.352,1:00.509,0:34.581,,Jonathan Bennett,,LMP3,,Core Motorsport,Ligier,
54,1,3,1:53.566,0,,28.032,0,52.307,0,33.227,0,181.6,32:05.570,15:32:05.570,0:28.032,0:52.307,0:33.227,,Jonathan Bennett,,LMP3,,Core Motorsport,Ligier,
54,1,4,1:50.489,0,,26.884,0,51.043,0,32.562,0,186.7,33:56.059,15:33:56.059,0:26.884,0:51.043,0:32.562,,Jonathan Bennett,,LMP3,,Core Motorsport,Ligier,
54,1,5,1:46.774,0,,25.587,0,49.467,0,31.720,0,193.2,35:42.833,15:35:42.833,0:25.587,0:49.467,0:31.720,,Jonathan Bennett,,LMP3,,Core Motorsport,Ligier,
54,1,6,1:45.753,0,,25.240,0,49.110,0,31.403,0,195.0,37:28.586,15:37:28.586,0:25.240,0:49.110,0:31.403,,Jonathan Bennett,,LMP3,,Core Motorsport,Ligier,
54,1,7,1:45.267,0,,24.922,2,48.880,0,31.465,0,195.9,39:13.853,15:39:13.853,0:24.922,0:48.880,0:31.465,,Jonathan Bennett,,LMP3,,Core Motorsport,Ligier,
54,1,8,1:44.964,2,,24.967,0,48.725,2,31.272,2,196.5,40:58.817,15:40:58.817,0:24.967,0:48.725,0:31.272,,Jonathan Bennett,,LMP3,,Core Motorsport,Ligier,
55,1,1,53:42.289,0,,52:20.755,0,51.210,0,30.324,0,6.4,53:42.289,15:53:42.289,52:20.755,0:51.210,0:30.324,,Oliver Jarvis,0:52:00.550,DPi,,Mazda Motorsports,Mazda,
55,1,2,1:38.817,0,,24.879,0,45.235,0,28.703,0,208.7,55:21.106,15:55:21.106,0:24.879,0:45.235,0:28.703,,Oliver Jarvis,,DPi,,Mazda Motorsports,Mazda,
55,1,3,1:35.141,0,,22.891,0,44.179,0,28.071,0,216.8,56:56.247,15:56:56.247,0:22.891,0:44.179,0:28.071,,Oliver Jarvis,,DPi,,Mazda Motorsports,Mazda,
55,1,4,1:40.657,0,,22.608,0,44.990,0,33.059,0,204.9,58:36.904,15:58:36.904,0:22.608,0:44.990,0:33.059,,Oliver Jarvis,,DPi,,Mazda Motorsports,Mazda,
55,1,5,1:34.903,0,,22.413,3,43.873,3,28.617,0,217.3,1:00:11.807,16:00:11.807,0:22.413,0:43.873,0:28.617,,Oliver Jarvis,,DPi,,Mazda Motorsports,Mazda,
55,1,6,1:34.442,2,,22.559,0,43.911,0,27.972,2,218.4,1:01:46.249,16:01:46.249,0:22.559,0:43.911,0:27.972,,Oliver Jarvis,,DPi,,Mazda Motorsports,Mazda,
55,1,7,1:35.505,0,,22.458,0,44.642,0,28.405,0,216.0,1:03:21.754,16:03:21.754,0:22.458,0:44.642,0:28.405,,Oliver Jarvis,,DPi,,Mazda Motorsports,Mazda,
57,1,1,2:32.384,0,,50.951,0,1:04.925,0,36.508,0,135.4,2:32.384,15:02:32.384,0:50.951,1:04.925,0:36.508,,Russell Ward,0:00:28.107,GTD,,Winward Racing,Mercedes-AMG,
57,1,2,2:26.162,0,B,29.917,0,1:02.005,0,54.240,0,141.1,4:58.546,15:04:58.546,0:29.917,1:02.005,0:54.240,,Russell Ward,,GTD,,Winward Racing,Mercedes-AMG,
57,1,3,3:39.026,0,,2:10.469,0,54.544,0,34.013,0,94.2,8:37.572,15:08:37.572,2:10.469,0:54.544,0:34.013,,Russell Ward,0:02:05.338,GTD,,Winward Racing,Mercedes-AMG,
57,1,4,1:48.425,0,,25.844,0,50.112,0,32.469,0,190.2,10:25.997,15:10:25.997,0:25.844,0:50.112,0:32.469,,Russell Ward,,GTD,,Winward Racing,Mercedes-AMG,
57,1,5,1:47.198,2,,25.158,2,49.681,2,32.359,0,192.4,12:13.195,15:12:13.195,0:25.158,0:49.681,0:32.359,,Russell Ward,,GTD,,Winward Racing,Mercedes-AMG,
57,1,6,1:48.257,0,,25.720,0,50.206,0,32.331,2,190.5,14:01.452,15:14:01.452,0:25.720,0:50.206,0:32.331,,Russell Ward,,GTD,,Winward Racing,Mercedes-AMG,
57,1,7,2:08.759,0,B,26.357,0,54.132,0,48.270,0,160.2,16:10.211,15:16:10.211,0:26.357,0:54.132,0:48.270,,Russell Ward,,GTD,,Winward Racing,Mercedes-AMG,
57,1,8,4:18.439,0,B,,0,,0,,0,79.8,20:28.650,15:20:28.650,,,,,Russell Ward,,GTD,,Winward Racing,Mercedes-AMG,
6,1,1,27:33.527,0,,25:52.090,0,1:03.880,0,37.557,0,12.5,27:33.527,15:27:33.527,25:52.090,1:03.880,0:37.557,,Moritz Kranz,0:25:30.200,LMP3,,Muehlner Motorsports America,Duqueine,
6,1,2,2:01.558,0,,30.822,0,56.310,0,34.426,0,169.7,29:35.085,15:29:35.085,0:30.822,0:56.310,0:34.426,,Moritz Kranz,,LMP3,,Muehlner Motorsports America,Duqueine,
6,1,3,1:52.730,0,,27.806,0,51.611,0,33.313,0,183.0,31:27.815,15:31:27.815,0:27.806,0:51.611,0:33.313,,Moritz Kranz,,LMP3,,Muehlner Motorsports America,Duqueine,
6,1,4,1:46.767,0,,25.573,0,49.504,0,31.690,0,193.2,33:14.582,15:33:14.582,0:25.573,0:49.504,0:31.690,,Moritz Kranz,,LMP3,,Muehlner Motorsports America,Duqueine,
6,1,5,1:44.225,0,,24.743,0,48.443,0,31.039,0,197.9,34:58.807,15:34:58.807,0:24.743,0:48.443,0:31.039,,Moritz Kranz,,LMP3,,Muehlner Motorsports America,Duqueine,
6,1,6,1:42.782,0,,24.049,0,47.970,0,30.763,0,200.7,36:41.589,15:36:41.589,0:24.049,0:47.970,0:30.763,,Moritz Kranz,,LMP3,,Muehlner Motorsports America,Duqueine,
6,1,7,1:42.384,2,,23.853,0,47.915,0,30.616,2,201.5,38:23.973,15:38:23.973,0:23.853,0:47.915,0:30.616,,Moritz Kranz,,LMP3,,Muehlner Motorsports America,Duqueine,
6,1,8,1:42.455,0,,23.801,2,47.851,2,30.803,0,201.3,40:06.428,15:40:06.428,0:23.801,0:47.851,0:30.803,,Moritz Kranz,,LMP3,,Muehlner Motorsports America,Duqueine,
60,1,1,52:13.278,0,,50:53.011,0,50.002,0,30.265,0,6.6,52:13.278,15:52:13.278,50:53.011,0:50.002,0:30.265,,Dane Cameron,0:50:34.039,DPi,,Meyer Shank Racing w/Curb-Agajanian,Acura,
60,1,2,1:36.603,0,,23.604,0,44.897,0,28.102,0,213.5,53:49.881,15:53:49.881,0:23.604,0:44.897,0:28.102,,Dane Cameron,,DPi,,Meyer Shank Racing w/Curb-Agajanian,Acura,
60,1,3,1:35.033,0,,22.655,2,44.436,0,27.942,0,217.0,55:24.914,15:55:24.914,0:22.655,0:44.436,0:27.942,,Dane Cameron,,DPi,,Meyer Shank Racing w/Curb-Agajanian,Acura,
60,1,4,1:46.045,0,,26.110,0,50.898,0,29.037,0,194.5,57:10.959,15:57:10.959,0:26.110,0:50.898,0:29.037,,Dane Cameron,,DPi,,Meyer Shank Racing w/Curb-Agajanian,Acura,
60,1,5,1:36.581,0,,22.977,0,45.584,0,28.020,0,213.6,58:47.540,15:58:47.540,0:22.977,0:45.584,0:28.020,,Dane Cameron,,DPi,,Meyer Shank Racing w/Curb-Agajanian,Acura,
60,1,6,1:34.914,0,,22.807,0,44.400,0,27.707,2,217.3,1:00:22.454,16:00:22.454,0:22.807,0:44.400,0:27.707,,Dane Cameron,,DPi,,Meyer Shank Racing w/Curb-Agajanian,Acura,
60,1,7,1:34.897,2,,22.716,0,44.373,2,27.808,0,217.3,1:01:57.351,16:01:57.351,0:22.716,0:44.373,0:27.808,,Dane Cameron,,DPi,,Meyer Shank Racing w/Curb-Agajanian,Acura,
60,1,8,1:36.393,0,,22.732,0,44.649,0,29.012,0,214.0,1:03:33.744,16:03:33.744,0:22.732,0:44.649,0:29.012,,Dane Cameron,,DPi,,Meyer Shank Racing w/Curb-Agajanian,Acura,
60,1,9,1:52.764,0,B,22.760,0,46.354,0,43.650,0,182.9,1:05:26.508,16:05:26.508,0:22.760,0:46.354,0:43.650,,Dane Cameron,,DPi,,Meyer Shank Racing w/Curb-Agajanian,Acura,
62,2,1,2:46.970,0,,1:10.364,0,1:02.026,0,34.580,0,123.5,2:46.970,15:02:46.970,1:10.364,1:02.026,0:34.580,,Alessandro Pier Guidi,0:00:49.482,GTLM,,Risi Competizione,Ferrari,
62,2,2,3:50.697,0,B,30.358,0,1:10.898,0,2:09.441,0,89.4,6:37.667,15:06:37.667,0:30.358,1:10.898,2:09.441,,Alessandro Pier Guidi,,GTLM,,Risi Competizione,Ferrari,
62,2,3,2:16.143,0,,49.842,0,53.137,0,33.164,0,151.5,8:53.810,15:08:53.810,0:49.842,0:53.137,0:33.164,,Alessandro Pier Guidi,0:01:55.368,GTLM,,Risi Competizione,Ferrari,
62,2,4,1:46.203,0,,25.933,0,48.817,0,31.453,0,194.2,10:40.013,15:10:40.013,0:25.933,0:48.817,0:31.453,,Alessandro Pier Guidi,,GTLM,,Risi Competizione,Ferrari,
62,2,5,1:44.969,0,,24.915,0,48.804,0,31.250,2,196.5,12:24.982,15:12:24.982,0:24.915,0:48.804,0:31.250,,Alessandro Pier Guidi,,GTLM,,Risi Competizione,Ferrari,
62,2,6,1:44.277,2,,24.636,2,48.378,2,31.263,0,197.8,14:09.259,15:14:09.259,0:24.636,0:48.378,0:31.263,,Alessandro Pier Guidi,,GTLM,,Risi Competizione,Ferrari,
62,2,7,1:45.131,0,,24.681,0,48.864,0,31.586,0,196.2,15:54.390,15:15:54.390,0:24.681,0:48.864,0:31.586,,Alessandro Pier Guidi,,GTLM,,Risi Competizione,Ferrari,
63,2,1,2:49.504,0,,1:03.554,0,1:08.764,0,37.186,0,121.7,2:49.504,15:02:49.504,1:03.554,1:08.764,0:37.186,,Bret Curtis,0:00:40.230,GTD,,Scuderia Corsa,Ferrari,
63,2,2,2:44.026,0,B,29.963,0,1:11.114,0,1:02.949,0,125.7,5:33.530,15:05:33.530,0:29.963,1:11.114,1:02.949,,Bret Curtis,,GTD,,Scuderia Corsa,Ferrari,
63,2,3,3:47.407,0,,2:15.343,0,57.586,0,34.478,0,90.7,9:20.937,15:09:20.937,2:15.343,0:57.586,0:34.478,,Bret Curtis,0:02:10.790,GTD,,Scuderia Corsa,Ferrari,
63,2,4,1:48.809,0,,25.935,0,50.295,0,32.579,0,189.6,11:09.746,15:11:09.746,0:25.935,0:50.295,0:32.579,,Bret Curtis,,GTD,,Scuderia Corsa,Ferrari,
63,2,5,1:55.921,0,,27.800,0,54.798,0,33.323,0,177.9,13:05.667,15:13:05.667,0:27.800,0:54.798,0:33.323,,Bret Curtis,,GTD,,Scuderia Corsa,Ferrari,
63,2,6,1:48.838,0,,25.821,0,50.506,0,32.511,0,189.5,14:54.505,15:14:54.505,0:25.821,0:50.506,0:32.511,,Bret Curtis,,GTD,,Scuderia Corsa,Ferrari,
63,2,7,1:48.019,2,,25.601,2,50.117,2,32.301,2,190.9,16:42.524,15:16:42.524,0:25.601,0:50.117,0:32.301,,Bret Curtis,,GTD,,Scuderia Corsa,Ferrari,
63,2,8,2:16.867,0,B,29.453,0,56.436,0,50.978,0,150.7,18:59.391,15:18:59.391,0:29.453,0:56.436,0:50.978,,Bret Curtis,,GTD,,Scuderia Corsa,Ferrari,
63,2,9,2:15.425,0,B,,0,,0,,0,152.3,21:14.816,15:21:14.816,,,,,Bret Curtis,,GTD,,Scuderia Corsa,Ferrari,
64,1,1,3:39.478,0,,1:54.642,0,1:06.877,0,37.959,0,94.0,3:39.478,15:03:39.478,1:54.642,1:06.877,0:37.959,,Ted Giovanis,0:01:27.541,GTD,,TeamTGM,Porsche,
64,1,2,2:27.406,0,B,36.576,0,58.520,0,52.310,0,139.9,6:06.884,15:06:06.884,0:36.576,0:58.520,0:52.310,,Ted Giovanis,,GTD,,TeamTGM,Porsche,
64,1,3,3:38.260,0,,2:07.076,0,56.089,0,35.095,0,94.5,9:45.144,15:09:45.144,2:07.076,0:56.089,0:35.095,,Ted Giovanis,0:02:01.792,GTD,,TeamTGM,Porsche,
64,1,4,1:57.513,2,,28.658,0,54.239,2,34.616,2,175.5,11:42.657,15:11:42.657,0:28.658,0:54.239,0:34.616,,Ted Giovanis,,GTD,,TeamTGM,Porsche,
64,1,5,1:59.704,0,,29.518,0,55.453,0,34.733,0,172.3,13:42.361,15:13:42.361,0:29.518,0:55.453,0:34.733,,Ted Giovanis,,GTD,,TeamTGM,Porsche,
64,1,6,1:58.648,0,,28.648,2,55.271,0,34.729,0,173.8,15:41.009,15:15:41.009,0:28.648,0:55.271,0:34.729,,Ted Giovanis,,GTD,,TeamTGM,Porsche,
64,1,7,2:18.795,0,B,30.849,0,56.035,0,51.911,0,148.6,17:59.804,15:17:59.804,0:30.849,0:56.035,0:51.911,,Ted Giovanis,,GTD,,TeamTGM,Porsche,
64,1,8,2:19.878,0,B,,0,,0,,0,147.5,20:19.682,15:20:19.682,,,,,Ted Giovanis,,GTD,,TeamTGM,Porsche,
7,2,1,27:44.105,0,,25:57.594,0,1:09.491,0,37.020,0,12.4,27:44.105,15:27:44.105,25:57.594,1:09.491,0:37.020,,Ryan Norman,0:25:33.867,LMP3,,Forty7 Motorsports,Duqueine,
7,2,2,2:02.825,0,,32.327,0,56.444,0,34.054,0,167.9,29:46.930,15:29:46.930,0:32.327,0:56.444,0:34.054,,Ryan Norman,,LMP3,,Forty7 Motorsports,Duqueine,
7,2,3,1:51.439,0,,27.466,0,51.009,0,32.964,0,185.1,31:38.369,15:31:38.369,0:27.466,0:51.009,0:32.964,,Ryan Norman,,LMP3,,Forty7 Motorsports,Duqueine,
7,2,4,1:47.257,0,,25.925,0,49.515,0,31.817,0,192.3,33:25.626,15:33:25.626,0:25.925,0:49.515,0:31.817,,Ryan Norman,,LMP3,,Forty7 Motorsports,Duqueine,
7,2,5,1:44.601,0,,24.920,0,48.421,0,31.260,0,197.2,35:10.227,15:35:10.227,0:24.920,0:48.421,0:31.260,,Ryan Norman,,LMP3,,Forty7 Motorsports,Duqueine,
7,2,6,1:51.096,0,,24.208,2,55.531,0,31.357,0,185.7,37:01.323,15:37:01.323,0:24.208,0:55.531,0:31.357,,Ryan Norman,,LMP3,,Forty7 Motorsports,Duqueine,
7,2,7,1:43.923,0,,24.549,0,48.389,0,30.985,2,198.5,38:45.246,15:38:45.246,0:24.549,0:48.389,0:30.985,,Ryan Norman,,LMP3,,Forty7 Motorsports,Duqueine,
7,2,8,1:43.623,2,,24.293,0,48.327,2,31.003,0,199.0,40:28.869,15:40:28.869,0:24.293,0:48.327,0:31.003,,Ryan Norman,,LMP3,,Forty7 Motorsports,Duqueine,
75,1,1,2:54.274,0,B,53.747,0,1:05.479,0,55.048,0,118.4,2:54.274,15:02:54.274,0:53.747,1:05.479,0:55.048,,Kenny Habul,0:00:31.595,GTD,,SunEnergy1,Mercedes-AMG,
75,1,2,6:35.390,0,,5:06.002,0,55.459,0,33.929,0,52.2,9:29.664,15:09:29.664,5:06.002,0:55.459,0:33.929,,Kenny Habul,0:05:00.603,GTD,,SunEnergy1,Mercedes-AMG,
75,1,3,1:48.908,0,,26.001,0,50.656,0,32.251,2,189.4,11:18.572,15:11:18.572,0:26.001,0:50.656,0:32.251,,Kenny Habul,,GTD,,SunEnergy1,Mercedes-AMG,
75,1,4,1:48.294,0,,25.364,2,50.579,0,32.351,0,190.5,13:06.866,15:13:06.866,0:25.364,0:50.579,0:32.351,,Kenny Habul,,GTD,,SunEnergy1,Mercedes-AMG,
75,1,5,1:47.896,2,,25.457,0,50.006,2,32.433,0,191.2,14:54.762,15:14:54.762,0:25.457,0:50.006,0:32.433,,Kenny Habul,,GTD,,SunEnergy1,Mercedes-AMG,
75,1,6,2:06.622,0,B,26.331,0,51.689,0,48.602,0,162.9,17:01.384,15:17:01.384,0:26.331,0:51.689,0:48.602,,Kenny Habul,,GTD,,SunEnergy1,Mercedes-AMG,
75,1,7,3:36.366,0,B,,0,,0,,0,95.3,20:37.750,15:20:37.750,,,,,Kenny Habul,,GTD,,SunEnergy1,Mercedes-AMG,
79,1,1,2:52.807,0,,1:06.907,0,1:08.240,0,37.660,0,119.4,2:52.807,15:02:52.807,1:06.907,1:08.240,0:37.660,,Cooper MacNeil,0:00:44.063,GTLM,,WeatherTech Racing,Porsche,
79,1,2,3:40.976,0,B,31.633,0,1:10.155,0,1:59.188,0,93.3,6:33.783,15:06:33.783,0:31.633,1:10.155,1:59.188,,Cooper MacNeil,,GTLM,,WeatherTech Racing,Porsche,
79,1,3,2:24.761,0,,53.704,0,57.817,0,33.240,0,142.5,8:58.544,15:08:58.544,0:53.704,0:57.817,0:33.240,,Cooper MacNeil,0:01:45.090,GTLM,,WeatherTech Racing,Porsche,
79,1,4,1:48.961,0,,26.553,0,50.336,0,32.072,0,189.3,10:47.505,15:10:47.505,0:26.553,0:50.336,0:32.072,,Cooper MacNeil,,GTLM,,WeatherTech Racing,Porsche,
79,1,5,1:46.786,0,,25.013,0,49.507,0,32.266,0,193.1,12:34.291,15:12:34.291,0:25.013,0:49.507,0:32.266,,Cooper MacNeil,,GTLM,,WeatherTech Racing,Porsche,
79,1,6,1:46.830,0,,25.038,0,49.666,0,32.126,0,193.1,14:21.121,15:14:21.121,0:25.038,0:49.666,0:32.126,,Cooper MacNeil,,GTLM,,WeatherTech Racing,Porsche,
79,1,7,1:45.336,2,,24.887,2,49.073,2,31.376,2,195.8,16:06.457,15:16:06.457,0:24.887,0:49.073,0:31.376,,Cooper MacNeil,,GTLM,,WeatherTech Racing,Porsche,
8,1,1,52:50.066,0,,51:06.886,0,1:08.187,0,34.993,0,6.5,52:50.066,15:52:50.066,51:06.886,1:08.187,0:34.993,,John Farano,0:50:45.955,LMP2,,Tower Motorsport,ORECA,
8,1,2,1:48.389,0,,26.563,0,50.886,0,30.940,0,190.3,54:38.455,15:54:38.455,0:26.563,0:50.886,0:30.940,,John Farano,,LMP2,,Tower Motorsport,ORECA,
8,1,3,1:41.902,0,,24.553,0,47.367,0,29.982,0,202.4,56:20.357,15:56:20.357,0:24.553,0:47.367,0:29.982,,John Farano,,LMP2,,Tower Motorsport,ORECA,
8,1,4,1:40.363,0,,24.099,0,46.473,0,29.791,0,205.5,58:00.720,15:58:00.720,0:24.099,0:46.473,0:29.791,,John Farano,,LMP2,,Tower Motorsport,ORECA,
8,1,5,1:39.117,2,,23.503,2,46.177,0,29.437,2,208.1,59:39.837,15:59:39.837,0:23.503,0:46.177,0:29.437,,John Farano,,LMP2,,Tower Motorsport,ORECA,
8,1,6,1:39.322,0,,23.646,0,45.962,2,29.714,0,207.7,1:01:19.159,16:01:19.159,0:23.646,0:45.962,0:29.714,,John Farano,,LMP2,,Tower Motorsport,ORECA,
8,1,7,1:41.711,0,,23.861,0,48.206,0,29.644,0,202.8,1:03:00.870,16:03:00.870,0:23.861,0:48.206,0:29.644,,John Farano,,LMP2,,Tower Motorsport,ORECA,
81,1,1,52:52.323,0,,51:16.056,0,1:02.071,0,34.196,0,6.5,52:52.323,15:52:52.323,51:16.056,1:02.071,0:34.196,,Rob Hodes,0:50:52.434,LMP2,,DragonSpeed USA LLC,ORECA,
81,1,2,1:46.934,0,,26.468,0,49.823,0,30.643,0,192.9,54:39.257,15:54:39.257,0:26.468,0:49.823,0:30.643,,Rob Hodes,,LMP2,,DragonSpeed USA LLC,ORECA,
81,1,3,1:42.045,0,,24.716,0,46.920,0,30.409,0,202.1,56:21.302,15:56:21.302,0:24.716,0:46.920,0:30.409,,Rob Hodes,,LMP2,,DragonSpeed USA LLC,ORECA,
81,1,4,1:41.000,0,,24.458,0,46.605,0,29.937,0,204.2,58:02.302,15:58:02.302,0:24.458,0:46.605,0:29.937,,Rob Hodes,,LMP2,,DragonSpeed USA LLC,ORECA,
81,1,5,1:39.825,2,,23.963,2,46.048,0,29.814,0,206.6,59:42.127,15:59:42.127,0:23.963,0:46.048,0:29.814,,Rob Hodes,,LMP2,,DragonSpeed USA LLC,ORECA,
81,1,6,1:39.867,0,,24.107,0,46.166,0,29.594,2,206.5,1:01:21.994,16:01:21.994,0:24.107,0:46.166,0:29.594,,Rob Hodes,,LMP2,,DragonSpeed USA LLC,ORECA,
81,1,7,1:39.901,0,,24.035,0,46.242,0,29.624,0,206.5,1:03:01.895,16:03:01.895,0:24.035,0:46.242,0:29.624,,Rob Hodes,,LMP2,,DragonSpeed USA LLC,ORECA,
81,1,8,1:41.875,0,,24.509,0,47.148,0,30.218,0,202.5,1:04:43.770,16:04:43.770,0:24.509,0:47.148,0:30.218,,Rob Hodes,,LMP2,,DragonSpeed USA LLC,ORECA,
81,1,9,1:39.832,0,,24.146,0,45.982,2,29.704,0,206.6,1:06:23.602,16:06:23.602,0:24.146,0:45.982,0:29.704,,Rob Hodes,,LMP2,,DragonSpeed USA LLC,ORECA,
82,1,1,52:40.743,0,,51:10.808,0,55.980,0,33.955,0,6.5,52:40.743,15:52:40.743,51:10.808,0:55.980,0:33.955,,Eric Lux,0:50:48.769,LMP2,,DragonSpeed USA LLC,ORECA,
82,1,2,1:49.052,0,,27.182,0,50.554,0,31.316,0,189.1,54:29.795,15:54:29.795,0:27.182,0:50.554,0:31.316,,Eric Lux,,LMP2,,DragonSpeed USA LLC,ORECA,
82,1,3,1:43.162,0,,25.436,0,47.133,0,30.593,0,199.9,56:12.957,15:56:12.957,0:25.436,0:47.133,0:30.593,,Eric Lux,,LMP2,,DragonSpeed USA LLC,ORECA,
82,1,4,1:41.257,0,,24.598,0,46.579,0,30.080,0,203.7,57:54.214,15:57:54.214,0:24.598,0:46.579,0:30.080,,Eric Lux,,LMP2,,DragonSpeed USA LLC,ORECA,
82,1,5,1:39.786,2,,23.978,2,46.087,2,29.721,0,206.7,59:34.000,15:59:34.000,0:23.978,0:46.087,0:29.721,,Eric Lux,,LMP2,,DragonSpeed USA LLC,ORECA,
82,1,6,1:41.310,0,,25.061,0,46.629,0,29.620,2,203.6,1:01:15.310,16:01:15.310,0:25.061,0:46.629,0:29.620,,Eric Lux,,LMP2,,DragonSpeed USA LLC,ORECA,
82,1,7,1:44.874,0,,24.992,0,49.899,0,29.983,0,196.7,1:03:00.184,16:03:00.184,0:24.992,0:49.899,0:29.983,,Eric Lux,,LMP2,,DragonSpeed USA LLC,ORECA,
82,1,8,2:07.631,0,B,26.695,0,51.281,0,49.655,0,161.6,1:05:07.815,16:05:07.815,0:26.695,0:51.281,0:49.655,,Eric Lux,,LMP2,,DragonSpeed USA LLC,ORECA,
9,1,1,2:39.353,0,,57.613,0,1:03.080,0,38.660,0,129.4,2:39.353,15:02:39.353,0:57.613,1:03.080,0:38.660,,Zacharie Robichon,0:00:34.549,GTD,,Pfaff Motorsports,Porsche,
9,1,2,2:27.939,0,B,29.622,0,1:01.896,0,56.421,0,139.4,5:07.292,15:05:07.292,0:29.622,1:01.896,0:56.421,,Zacharie Robichon,,GTD,,Pfaff Motorsports,Porsche,
9,1,3,3:31.032,0,,2:03.994,0,53.489,0,33.549,0,97.7,8:38.324,15:08:38.324,2:03.994,0:53.489,0:33.549,,Zacharie Robichon,0:01:59.936,GTD,,Pfaff Motorsports,Porsche,
9,1,4,1:54.390,0,,25.757,0,55.518,0,33.115,0,180.3,10:32.714,15:10:32.714,0:25.757,0:55.518,0:33.115,,Zacharie Robichon,,GTD,,Pfaff Motorsports,Porsche,
9,1,5,1:47.864,0,,25.621,0,49.696,0,32.547,0,191.2,12:20.578,15:12:20.578,0:25.621,0:49.696,0:32.547,,Zacharie Robichon,,GTD,,Pfaff Motorsports,Porsche,
9,1,6,1:47.599,0,,25.813,0,49.456,2,32.330,0,191.7,14:08.177,15:14:08.177,0:25.813,0:49.456,0:32.330,,Zacharie Robichon,,GTD,,Pfaff Motorsports,Porsche,
9,1,7,1:47.323,2,,25.356,2,49.780,0,32.187,2,192.2,15:55.500,15:15:55.500,0:25.356,0:49.780,0:32.187,,Zacharie Robichon,,GTD,,Pfaff Motorsports,Porsche,
9,1,8,2:28.670,0,B,27.071,0,1:02.333,0,59.266,0,138.7,18:24.170,15:18:24.170,0:27.071,1:02.333,0:59.266,,Zacharie Robichon,,GTD,,Pfaff Motorsports,Porsche,
9,1,9,2:06.392,0,B,,0,,0,,0,163.2,20:30.562,15:20:30.562,,,,,Zacharie Robichon,,GTD,,Pfaff Motorsports,Porsche,
96,2,1,3:04.045,0,,1:23.210,0,1:04.638,0,36.197,0,112.1,3:04.045,15:03:04.045,1:23.210,1:04.638,0:36.197,,Robby Foley,0:00:59.748,GTD,,Turner Motorsport,BMW,
96,2,2,3:40.049,0,B,29.688,0,1:05.297,0,2:05.064,0,93.7,6:44.094,15:06:44.094,0:29.688,1:05.297,2:05.064,,Robby Foley,,GTD,,Turner Motorsport,BMW,
96,2,3,2:26.828,0,,54.060,0,57.507,0,35.261,0,140.5,9:10.922,15:09:10.922,0:54.060,0:57.507,0:35.261,,Robby Foley,0:01:53.307,GTD,,Turner Motorsport,BMW,
96,2,4,1:47.653,2,,25.462,0,50.011,0,32.180,0,191.6,10:58.575,15:10:58.575,0:25.462,0:50.011,0:32.180,,Robby Foley,,GTD,,Turner Motorsport,BMW,
96,2,5,1:49.814,0,,25.457,0,51.337,0,33.020,0,187.8,12:48.389,15:12:48.389,0:25.457,0:51.337,0:33.020,,Robby Foley,,GTD,,Turner Motorsport,BMW,
96,2,6,1:48.194,0,,25.310,2,50.335,0,32.549,0,190.6,14:36.583,15:14:36.583,0:25.310,0:50.335,0:32.549,,Robby Foley,,GTD,,Turner Motorsport,BMW,
96,2,7,1:47.678,0,,25.744,0,49.777,2,32.157,2,191.5,16:24.261,15:16:24.261,0:25.744,0:49.777,0:32.157,,Robby Foley,,GTD,,Turner Motorsport,BMW,
97,1,1,2:25.627,0,,46.762,0,1:02.155,0,36.710,0,141.6,2:25.627,15:02:25.627,0:46.762,1:02.155,0:36.710,,Maxwell Root,0:00:24.489,GTD,,TF Sport,Aston Martin,
97,1,2,2:28.156,0,B,29.464,0,1:00.024,0,58.668,0,139.2,4:53.783,15:04:53.783,0:29.464,1:00.024,0:58.668,,Maxwell Root,,GTD,,TF Sport,Aston Martin,
97,1,3,3:39.206,0,,2:11.212,0,54.122,0,33.872,0,94.1,8:32.989,15:08:32.989,2:11.212,0:54.122,0:33.872,,Maxwell Root,0:02:05.721,GTD,,TF Sport,Aston Martin,
97,1,4,1:48.777,0,,25.888,0,50.239,0,32.650,0,189.6,10:21.766,15:10:21.766,0:25.888,0:50.239,0:32.650,,Maxwell Root,,GTD,,TF Sport,Aston Martin,
97,1,5,1:47.710,2,,25.444,0,49.762,2,32.504,0,191.5,12:09.476,15:12:09.476,0:25.444,0:49.762,0:32.504,,Maxwell Root,,GTD,,TF Sport,Aston Martin,
97,1,6,1:47.718,0,,25.362,2,50.000,0,32.356,2,191.5,13:57.194,15:13:57.194,0:25.362,0:50.000,0:32.356,,Maxwell Root,,GTD,,TF Sport,Aston Martin,
97,1,7,2:08.370,0,B,25.727,0,53.800,0,48.843,0,160.7,16:05.564,15:16:05.564,0:25.727,0:53.800,0:48.843,,Maxwell Root,,GTD,,TF Sport,Aston Martin,
97,1,8,3:56.813,0,B,,0,,0,,0,87.1,20:02.377,15:20:02.377,,,,,Maxwell Root,,GTD,,TF Sport,Aston Martin,
